"model","signature_rank","gene","age_only_logFC","age_only_t","age_only_p_value","age_only_adj_p_value","sex_linked_flag","module","reliability_pass","weight","rank_score","training_mean","training_sd"
"age_only_de",1,"Plcb1",-8.82020002680207,-7.11937216759547,1.60303430501077e-07,0.000687113937604448,FALSE,"young_high",TRUE,62.7942865834395,62.7942865834395,1.49167512824088,1.80120312236594
"age_only_de",2,"Dgkb",-8.1569038906852,-5.47175888680637,1.02248368960229e-05,0.0105784138838537,FALSE,"young_high",TRUE,44.6326113526822,44.6326113526822,0.717594513415339,1.25367525339528
"age_only_de",3,"Gm16515",-8.4306172432411,-5.00034219879304,3.49722850716475e-05,0.0179883445494526,FALSE,"young_high",TRUE,42.1559711632508,42.1559711632508,1.21383234131561,1.5513624593217
"age_only_de",4,"Nek4",-8.04739177933481,-4.96440036059619,3.84235294162495e-05,0.0182995616579093,FALSE,"young_high",TRUE,39.9504746511886,39.9504746511886,1.04641774611754,1.7850385997339
"age_only_de",5,"Brwd3",-7.62657437709915,-5.1375827386335,2.4423562487673e-05,0.0136548952186516,FALSE,"young_high",TRUE,39.1821568746891,39.1821568746891,0.986811693487687,1.3634976560538
"age_only_de",6,"Fam132b",-8.82844464885764,-4.37801757956568,0.000178619469852351,0.0326853506637559,FALSE,"young_high",TRUE,38.6510858729213,38.6510858729213,1.56431413861725,2.65723731574504
"age_only_de",7,"Olfr267",-7.40799619164652,-4.68327079711459,8.02820514266438e-05,0.0250996630076344,FALSE,"young_high",TRUE,34.6936522294742,34.6936522294742,0.580520190714533,1.09997635713477
"age_only_de",8,"Dhx34",-6.93827482933716,-4.6501841476119,8.75576373883843e-05,0.0255388227157032,FALSE,"young_high",TRUE,32.2642556231583,32.2642556231583,0.92739359345046,1.30487183539213
"age_only_de",9,"Suox",-7.01067716592001,-4.56555640426746,0.00010930517208284,0.0288449573347794,FALSE,"young_high",TRUE,32.0076420331177,32.0076420331177,2.08961701822246,1.99217207303308
"age_only_de",10,"A630033H20Rik",-7.1736104469298,-4.40000802695752,0.000168632938166594,0.0323649395803617,FALSE,"young_high",TRUE,31.5639435487575,31.5639435487575,1.048112129488,1.53653561174097
"age_only_de",11,"Postn",-7.11321560720305,-4.34953801449316,0.000192431618172169,0.0329930423743456,FALSE,"young_high",TRUE,30.9392016888157,30.9392016888157,4.47312395852723,3.57066885281487
"age_only_de",12,"Scml4",-6.92159098672696,-4.38690450700829,0.000174514716771124,0.0326853506637559,FALSE,"young_high",TRUE,30.3643586953404,30.3643586953404,1.15793815089726,1.43118693389438
"age_only_de",13,"6720456H20Rik",-6.49336023450995,-4.63522770825591,9.10592155632454e-05,0.0255388227157032,FALSE,"young_high",TRUE,30.0982032786876,30.0982032786876,2.02067824633613,1.91201994669697
"age_only_de",14,"Mical3",-6.68114126066803,-4.46482104303355,0.000142317526495444,0.02965992254108,FALSE,"young_high",TRUE,29.8301000921103,29.8301000921103,0.927326853604832,1.30253736403452
"age_only_de",15,"Osbpl10",-6.68001552896074,-4.25800215954374,0.000244421387979083,0.036546681721198,FALSE,"young_high",TRUE,28.4435205481005,28.4435205481005,0.434647491132227,0.724458914119028
"age_only_de",16,"Vash1",-6.47115097537132,-4.35004890552079,0.000192174728926959,0.0329930423743456,FALSE,"young_high",TRUE,28.1498232178738,28.1498232178738,2.0505710554417,1.88433334093693
"age_only_de",17,"Chml",-6.56103823175966,-4.01896380717294,0.000455344292777328,0.0504764850071005,FALSE,"young_high",TRUE,26.36857519092,26.36857519092,1.82638986351063,1.75580834446409
"age_only_de",18,"Camsap3",-6.55633421294093,-3.90091546858319,0.000618070900169527,0.0620919820724996,FALSE,"young_high",TRUE,25.5757055484624,25.5757055484624,0.869423090900174,1.33069187293754
"age_only_de",19,"Nup133",-6.17285149133168,-4.08522452328911,0.000383371591733149,0.0465073141329864,FALSE,"young_high",TRUE,25.21748429101,25.21748429101,2.12602918505128,2.13124794327391
"age_only_de",20,"Zfp943",-6.4800551088915,-3.86455618130128,0.000678871879858234,0.0628029748424247,FALSE,"young_high",TRUE,25.0425370262396,25.0425370262396,1.61542859880833,1.73513875729569
"age_only_de",21,"Arl5c",-6.36783642125208,-3.90894407764631,0.000605385597813401,0.0620919820724996,FALSE,"young_high",TRUE,24.8915164662738,24.8915164662738,0.865937243129526,1.30892309945048
"age_only_de",22,"Clcn2",-6.3595752731069,-3.88635992273323,0.000641739440941339,0.0625860459020409,FALSE,"young_high",TRUE,24.7155984670079,24.7155984670079,1.34815062899611,1.72982148175866
"age_only_de",23,"Tnn",-6.40630173682611,-3.8440708177258,0.000715680396796778,0.0648093959324632,FALSE,"young_high",TRUE,24.6262775560793,24.6262775560793,0.727081027960361,0.97467985013764
"age_only_de",24,"Nadsyn1",-6.29760593042748,-3.80576746556998,0.000789841731863157,0.0687774040781813,FALSE,"young_high",TRUE,23.9672237610015,23.9672237610015,1.56184079905031,1.70311823282602
"age_only_de",25,"Prosapip1",-6.2913954783937,-3.80490777932012,0.000791589999500026,0.0687774040781813,FALSE,"young_high",TRUE,23.9381795985196,23.9381795985196,0.5367550841073,1.03266639678916
"age_only_de",26,"Gnrh1",-6.18602117839552,-3.86699824817255,0.000674610076496532,0.0628029748424247,FALSE,"young_high",TRUE,23.9213330600138,23.9213330600138,0.664154668728727,0.978918515250582
"age_only_de",27,"Tbck",-6.43824664027698,-3.65497922180797,0.00116234813006724,0.0797315646077218,FALSE,"young_high",TRUE,23.5316576950873,23.5316576950873,1.31708906484545,1.41378916123188
"age_only_de",28,"Fastkd5",-6.53531160788863,-3.58075374379787,0.00140419025337364,0.0859020721497109,FALSE,"young_high",TRUE,23.4013415068329,23.4013415068329,1.20826067223512,1.51899695638059
"age_only_de",29,"Tes",-6.24648154513123,-3.73289154766315,0.000952353171504586,0.0746977001682719,FALSE,"young_high",TRUE,23.3174381624542,23.3174381624542,0.974454827752709,1.60968516081578
"age_only_de",30,"Pcdhb20",-6.16867253322632,-3.76233072854845,0.000883095528190847,0.0723294611274274,FALSE,"young_high",TRUE,23.2085862261102,23.2085862261102,0.495906624936985,0.87863427002781
"age_only_de",31,"Alas2",-6.08397208448079,-3.7844670492501,0.000834295864279649,0.0705803323603422,FALSE,"young_high",TRUE,23.024591882275,23.024591882275,0.624464883939347,1.32440048867045
"age_only_de",32,"Atp8b2",-5.77542547691981,-3.93589957044317,0.000564642369328871,0.0600060845223136,FALSE,"young_high",TRUE,22.7314946537352,22.7314946537352,1.64510110118288,1.82298676252866
"age_only_de",33,"Ccdc8",-6.23650609724884,-3.63503709727101,0.00122299991122252,0.0819091450958877,FALSE,"young_high",TRUE,22.6699310208563,22.6699310208563,0.98195047911483,1.36138997917215
"age_only_de",34,"Sema3d",-6.3379442707088,-3.53657927167417,0.00157073964058387,0.0898545958867766,FALSE,"young_high",TRUE,22.4146423328148,22.4146423328148,1.3314003696438,1.78163381877464
"age_only_de",35,"Fgd5",-6.27579632579524,-3.5544627481295,0.00150111478471943,0.0885578721297466,FALSE,"young_high",TRUE,22.3070842548871,22.3070842548871,1.47395593473738,1.61107953797464
"age_only_de",36,"Chrdl2",-6.7086399590244,-3.28073936662174,0.00298581190853938,0.108798961242686,FALSE,"young_high",TRUE,22.009299210063,22.009299210063,1.36947544525983,2.22485772037919
"age_only_de",37,"Ltc4s",-5.77280732713234,-3.79034124390849,0.000821796831138573,0.0699833473616617,FALSE,"young_high",TRUE,21.8809097051669,21.8809097051669,0.329631042829397,0.666581593988469
"age_only_de",38,"Pcdhga1",-5.87016337782511,-3.71595343667523,0.000994585237252402,0.0751700683279227,FALSE,"young_high",TRUE,21.8132537776743,21.8132537776743,0.36896215991575,0.874555213819669
"age_only_de",39,"Lass6",-5.69092487970723,-3.83024134125982,0.000741631561896591,0.0666897919890089,FALSE,"young_high",TRUE,21.7976157442587,21.7976157442587,2.29838611503458,1.8311538841967
"age_only_de",40,"Gpc1",-5.61178315934473,-3.8718878716949,0.000666155828496769,0.062717776034014,FALSE,"young_high",TRUE,21.7281951532485,21.7281951532485,2.10651400152624,1.94044415326421
"age_only_de",41,"Tmem120b",-5.96097576134492,-3.64248736277222,0.0011999871719143,0.0812138686507683,FALSE,"young_high",TRUE,21.7127788804904,21.7127788804904,1.6333752878584,1.49267707631671
"age_only_de",42,"Mertk",-6.00897870601705,-3.59316235657552,0.00136059220828633,0.0859020721497109,FALSE,"young_high",TRUE,21.5912360879243,21.5912360879243,0.68661740911619,1.18945129461648
"age_only_de",43,"Espl1",-6.2623305209768,-3.43834764514089,0.00201298154670449,0.0956569027401638,FALSE,"young_high",TRUE,21.5320693998945,21.5320693998945,0.755332673563959,1.55040714800504
"age_only_de",44,"Nxt2",-5.70121311714042,-3.77549005351046,0.000853758227810127,0.0717547519700028,FALSE,"young_high",TRUE,21.524873416707,21.524873416707,1.99025950895934,1.84131052627746
"age_only_de",45,"She",-6.13807293307808,-3.5057184449334,0.00169835643606053,0.0925388364885693,FALSE,"young_high",TRUE,21.5183554978382,21.5183554978382,0.96934577543759,1.09228053284598
"age_only_de",46,"4930592A05Rik",-5.80101759237281,-3.64757123644533,0.00118452738081682,0.0805917332800186,FALSE,"young_high",TRUE,21.1596249120524,21.1596249120524,0.450630614111173,0.713446344516817
"age_only_de",47,"Fzd9",-6.10471032275087,-3.46539968611218,0.00188037177126899,0.0956569027401638,FALSE,"young_high",TRUE,21.1552612362666,21.1552612362666,0.605519250125705,1.39465131243985
"age_only_de",48,"LOC626693",-5.84219445048426,-3.60919818121544,0.00130620265475726,0.0855004806698232,FALSE,"young_high",TRUE,21.0856375849947,21.0856375849947,1.19799786517092,1.19739034801426
"age_only_de",49,"Gpr4",-5.91754135290901,-3.5149317420172,0.00165923594170819,0.0917150455108117,FALSE,"young_high",TRUE,20.7997539360393,20.7997539360393,0.508243356743783,1.14126854517458
"age_only_de",50,"Pcyox1l",-5.71460419973363,-3.59705226687425,0.00134719894219928,0.0859020721497109,FALSE,"young_high",TRUE,20.555729990941,20.555729990941,1.18856824864606,1.34551350496432
"age_only_de",51,"Chchd10",7.57754019641513,4.78384267055961,6.16730500724515e-05,0.0250996630076344,FALSE,"old_high",TRUE,36.2497601294914,36.2497601294914,1.79233606795504,1.78286816169917
"age_only_de",52,"Nrxn2",6.49424034559675,4.72204787069673,7.2520609071955e-05,0.0250996630076344,FALSE,"old_high",TRUE,30.6661137957179,30.6661137957179,1.42926333954547,1.37937794344326
"age_only_de",53,"Hoxa5",6.76713992050025,3.75228012160696,0.000906166130774007,0.0732854734315909,FALSE,"old_high",TRUE,25.392204603826,25.392204603826,1.64635765219305,1.81146922096571
"age_only_de",54,"Aox3",6.53952081926375,3.55070901177646,0.00151547497587258,0.088579512339752,FALSE,"old_high",TRUE,23.2199355056596,23.2199355056596,2.27620219650888,1.89797358324368
"age_only_de",55,"Acot1",5.87802893508362,3.88437932385882,0.000645028240420579,0.0625860459020409,FALSE,"old_high",TRUE,22.8324940604827,22.8324940604827,2.06220723764948,1.59857522728937
"age_only_de",56,"Inmt",2.76601350705407,7.56793120069461,5.45471611590901e-08,0.00035071097267237,FALSE,"old_high",TRUE,20.9329999215773,20.9329999215773,10.2716846755446,1.25360292642662
"age_only_de",57,"Lect1",6.22647559789845,3.06465313333275,0.00508174639700727,0.139314666907523,FALSE,"old_high",TRUE,19.0819879507194,19.0819879507194,1.41391766958896,1.90036725228912
"age_only_de",58,"Rgs20",5.40474689100074,3.34412776456188,0.00254950666319685,0.104059352608327,FALSE,"old_high",TRUE,18.0741641386251,18.0741641386251,0.876446021836203,1.13900948365348
"age_only_de",59,"Ccl7",2.27658318860428,7.83313574046399,2.91918310203556e-08,0.00035071097267237,FALSE,"old_high",TRUE,17.8327851407957,17.8327851407957,10.9398714632527,1.03150743631434
"age_only_de",60,"Crym",5.77791600129726,2.92893850651638,0.00705444503771343,0.152715671279389,FALSE,"old_high",TRUE,16.9231606636167,16.9231606636167,1.77580327872627,1.95807732956804
"age_only_de",61,"Ddb2",6.15386513273829,2.65396870769258,0.0134849982345481,0.192807611002199,FALSE,"old_high",TRUE,16.3321654936479,16.3321654936479,1.84744479321454,2.3109519555616
"age_only_de",62,"Gsta3",6.02238344957237,2.6311579234528,0.0142138934896765,0.197610152653077,FALSE,"old_high",TRUE,15.8458419314133,15.8458419314133,2.08840954152266,1.92023398477911
"age_only_de",63,"Tmem154",5.15928528491124,2.94875896561972,0.00672659495942827,0.148876565547828,FALSE,"old_high",TRUE,15.2134887400719,15.2134887400719,1.07118171815003,1.24584783344714
"age_only_de",64,"Pltp",3.4236888619382,4.43297780253448,0.00015469175917598,0.0306376407424977,FALSE,"old_high",TRUE,15.1771367277566,15.1771367277566,5.22157276261905,1.81018989076988
"age_only_de",65,"Prr13",2.27945996219632,6.62526427508571,5.40906857826603e-07,0.00115925354746538,FALSE,"old_high",TRUE,15.1020246540275,15.1020246540275,7.7100250948074,0.983612840430996
"age_only_de",66,"Hp",5.29551979950671,2.76730877712716,0.0103543530902022,0.176573307840049,FALSE,"old_high",TRUE,14.6543384206256,14.6543384206256,1.1711644061183,1.61572431967137
"age_only_de",67,"Immp2l",5.31612773100774,2.74774890888605,0.010840605804899,0.18056910627616,FALSE,"old_high",TRUE,14.6073841723754,14.6073841723754,1.40238339213037,1.61345725501975
"age_only_de",68,"Tuba4a",2.75057514802492,5.24787122640899,1.83121216991725e-05,0.0119200730895752,FALSE,"old_high",TRUE,14.4346641753956,14.4346641753956,6.89150912315156,1.38374805085514
"age_only_de",69,"Mutyh",4.59931004764016,3.04749336258599,0.00529836934463545,0.14107637426937,FALSE,"old_high",TRUE,14.0163668426584,14.0163668426584,1.43323903205153,1.10973608246243
"age_only_de",70,"Cfl1",2.04385829711761,6.83716202816276,3.19939874999259e-07,0.00102852671315387,FALSE,"old_high",TRUE,13.9741903399979,13.9741903399979,8.98483266742052,0.870583656718788
"age_only_de",71,"Lcn2",6.32768447159342,2.20592901996475,0.0365747943870758,0.275521547172471,FALSE,"old_high",TRUE,13.9584228050683,13.9584228050683,3.49783312265576,2.7997367565073
"age_only_de",72,"Cib2",5.06834210405736,2.73103014667686,0.0112731826874097,0.183264040679395,FALSE,"old_high",TRUE,13.8417950798523,13.8417950798523,1.68697773230291,1.4561438352384
"age_only_de",73,"Rhoc",2.14904727148271,6.27223964379185,1.31194459122753e-06,0.00241004221408497,FALSE,"old_high",TRUE,13.4793394925766,13.4793394925766,8.26044827757197,0.933967660172635
"age_only_de",74,"Foxf2",4.71822293415305,2.75862500319537,0.0105676378995035,0.178566696123149,FALSE,"old_high",TRUE,13.0158077568044,13.0158077568044,0.913412668095617,1.2933003800551
"age_only_de",75,"Ifitm1",4.79521885297863,2.69437092976,0.0122791198020507,0.187902294343868,FALSE,"old_high",TRUE,12.9200982793027,12.9200982793027,2.62331105662372,1.99558992272036
"age_only_de",76,"Cenpt",4.98727587848014,2.59015681487609,0.0156173386945813,0.205131111617591,FALSE,"old_high",TRUE,12.9178266043125,12.9178266043125,1.63606593987697,1.53390499981112
"age_only_de",77,"H2-Ab1",4.50608914776898,2.82391237087891,0.00906045243021286,0.168903464137572,FALSE,"old_high",TRUE,12.724800888668,12.724800888668,2.66727405614621,1.91900289155002
"age_only_de",78,"Nudt7",4.51955681890355,2.81447805170106,0.00926494015114918,0.169383428894179,FALSE,"old_high",TRUE,12.7201934702199,12.7201934702199,1.59550124039319,1.447459558369
"age_only_de",79,"Ier3",2.32494023978735,5.47056187839273,1.02566641033422e-05,0.0105784138838537,FALSE,"old_high",TRUE,12.7187294453219,12.7187294453219,9.29182062277589,1.26320234834742
"age_only_de",80,"Rpl13a",2.19050376422707,5.73048132355983,5.23502489484831e-06,0.00673171851228544,FALSE,"old_high",TRUE,12.5526409100907,12.5526409100907,8.3119967673633,0.973845799452772
"age_only_de",81,"Msrb2",4.71256185966238,2.60435330489862,0.0151173947559403,0.203981720006964,FALSE,"old_high",TRUE,12.2731760537509,12.2731760537509,2.37743645167718,1.81674033032881
"age_only_de",82,"Trpm6",4.51366982584231,2.71004810935171,0.011839037951728,0.187254845044613,FALSE,"old_high",TRUE,12.2322623777618,12.2322623777618,0.673323864525853,0.760869512221753
"age_only_de",83,"Map1lc3a",2.23084200962769,5.43896836063458,1.11338383406752e-05,0.0105784138838537,FALSE,"old_high",TRUE,12.1334791079395,12.1334791079395,7.91206151315668,1.06576876121524
"age_only_de",84,"Ltb",4.78948910515208,2.52837656231653,0.0179774785659565,0.213475060694673,FALSE,"old_high",TRUE,12.1096319989369,12.1096319989369,1.09650796516937,1.80590112323974
"age_only_de",85,"Cygb",2.0813302944366,5.79325243803083,4.45355757505293e-06,0.00636314409528952,FALSE,"old_high",TRUE,12.0576718025923,12.0576718025923,7.73671024738588,0.999213722886954
"age_only_de",86,"Cxcl2",3.37936420275066,3.52924890696395,0.00160017905420887,0.0898545958867766,FALSE,"old_high",TRUE,11.9266174187909,11.9266174187909,6.52349230060554,2.51283536369555
"age_only_de",87,"1810010H24Rik",4.28971729875904,2.73892624793036,0.0110668966995349,0.18200034666545,FALSE,"old_high",TRUE,11.7492193057721,11.7492193057721,2.2701878248414,1.54140129511293
"age_only_de",88,"Abcg1",4.35972392492781,2.68683953116982,0.0124959516275294,0.188832097038228,FALSE,"old_high",TRUE,11.7138785864829,11.7138785864829,2.24174434356556,1.87783579232869
"age_only_de",89,"Gstm1",2.17437747724302,5.37460203273466,1.31623471608725e-05,0.0105784138838537,FALSE,"old_high",TRUE,11.6864136091228,11.6864136091228,11.4442549301669,1.03386713185831
"age_only_de",90,"Ptplad2",4.07804424607748,2.8631140335361,0.00825559017987908,0.163825052659051,FALSE,"old_high",TRUE,11.6759057103256,11.6759057103256,3.03468092065979,1.63910436461598
"age_only_de",91,"Cxcl13",4.52420437581496,2.56683897587356,0.0164720431470099,0.207356956756865,FALSE,"old_high",TRUE,11.6129041266596,11.6129041266596,5.54826057403315,2.80334947649242
"age_only_de",92,"Cdkn1c",2.22835034678721,5.20872588905583,2.028169690291e-05,0.0124191590702152,FALSE,"old_high",TRUE,11.6068661411971,11.6068661411971,7.45383232475214,1.07805432845369
"age_only_de",93,"Dcxr",4.44693291085835,2.6082488890813,0.0149828398618687,0.203018269529789,FALSE,"old_high",TRUE,11.5987078245653,11.5987078245653,3.13248905151207,1.95008420888568
"age_only_de",94,"Tmsb10",2.58439774472878,4.47527708491864,0.000138473334929441,0.02965992254108,FALSE,"old_high",TRUE,11.5658960053001,11.5658960053001,6.81429832202887,1.41902773545125
"age_only_de",95,"Snrpc",3.44601990460598,3.34689678845916,0.00253192628684181,0.104059352608327,FALSE,"old_high",TRUE,11.5334729516921,11.5334729516921,4.14730769374603,1.6054369657109
"age_only_de",96,"Tgtp2",4.56472670812921,2.50233100619088,0.0190683391975812,0.21555387213382,FALSE,"old_high",TRUE,11.4224571765394,11.4224571765394,1.73817443073649,1.72173911728917
"age_only_de",97,"Batf2",4.68511119287167,2.43197224728051,0.0223286451352077,0.229419758044817,FALSE,"old_high",TRUE,11.3940603964872,11.3940603964872,0.771610131121053,1.11227848990293
"age_only_de",98,"Gm13157",4.11830329721569,2.75261162623511,0.0107177512338562,0.179686522967609,FALSE,"old_high",TRUE,11.3360895362783,11.3360895362783,1.04433638540211,1.06667675641161
"age_only_de",99,"Ftl1",2.1351109645908,5.29213331236309,1.63159359017364e-05,0.0116559233200238,FALSE,"old_high",TRUE,11.2992918613027,11.2992918613027,12.3145925096728,1.06047000135276
"age_only_de",100,"Irak1bp1",4.11968782397077,2.72976770712824,0.0113064972773425,0.183386962928403,FALSE,"old_high",TRUE,11.2457907853248,11.2457907853248,2.1670021858484,1.61416354964404
