"model","signature_rank","gene","age_only_logFC","age_only_t","age_only_p_value","age_only_adj_p_value","female_logFC","female_t","male_logFC","male_t","common_logFC","common_t","common_p_value","common_adj_p_value","interaction_logFC","interaction_t","sex_linked_flag","female_direction","male_direction","common_direction","age_only_direction","sex_direction_concordant","age_only_common_concordant","interaction_ratio","interaction_penalty","reliability_pass","module","weight","rank_score","training_mean","training_sd"
"factorial_medium_original",1,"Plcb1",-8.82020002680207,-7.11937216759547,1.60303430501077e-07,0.000687113937604448,-8.06548740744979,-3.18124804375995,-9.15463797027736,-6.46575603826638,-8.61006268886358,-5.93003633472457,5.16095589097965e-06,0.00893767506276973,-1.08915056282757,-0.375067095615169,FALSE,-1,-1,-1,-1,TRUE,TRUE,0.0632486974216574,0.940513731570955,TRUE,"young_high",48.0207356124971,48.0207356124971,1.49167512824088,1.80120312236594
"factorial_medium_original",2,"Dgkb",-8.1569038906852,-5.47175888680637,1.02248368960229e-05,0.0105784138838537,-8.85126565338484,-3.2701806752923,-8.04394415154126,-4.63984480823995,-8.44760490246305,-5.25629433472304,2.61733167744134e-05,0.025889436954014,0.807321501843584,0.251167016298505,FALSE,-1,-1,-1,-1,TRUE,TRUE,0.0477840443167596,0.954395140319283,TRUE,"young_high",42.3781007466568,42.3781007466568,0.717594513415339,1.25367525339528
"factorial_medium_original",3,"Gm16515",-8.4306172432411,-5.00034219879304,3.49722850716475e-05,0.0179883445494526,-11.5166440501551,-4.5727304885038,-6.79467798753999,-3.2036346634019,-9.15566101884756,-5.56130320739649,1.24857576338068e-05,0.0178393730459025,4.72196606261514,1.43410098709314,FALSE,-1,-1,-1,-1,TRUE,TRUE,0.257871375699869,0.794993843820962,TRUE,"young_high",40.4790251003382,40.4790251003382,1.21383234131561,1.5513624593217
"factorial_medium_original",4,"Olfr267",-7.40799619164652,-4.68327079711459,8.02820514266438e-05,0.0250996630076344,-11.5966919221357,-5.41647800313155,-5.24214595865951,-3.04506518569955,-8.41941894039759,-6.12928404487451,3.22072647127278e-06,0.00690255361568278,6.35454596347617,2.31303475109631,FALSE,-1,-1,-1,-1,TRUE,TRUE,0.377374355112072,0.72601903490401,TRUE,"young_high",37.4662196860012,37.4662196860012,0.580520190714533,1.09997635713477
"factorial_medium_original",5,"Fam132b",-8.82844464885764,-4.37801757956568,0.000178619469852351,0.0326853506637559,-8.1177583136974,-2.21496646965785,-10.2073688655398,-5.1587969910484,-9.16256358961857,-4.39983097385826,0.000215470570255574,0.0659699062599149,-2.08961055184236,-0.501711837488038,FALSE,-1,-1,-1,-1,TRUE,TRUE,0.114029791846692,0.897642062464355,TRUE,"young_high",36.1873007136757,36.1873007136757,1.56431413861725,2.65723731574504
"factorial_medium_original",6,"Nek4",-8.04739177933481,-4.96440036059619,3.84235294162495e-05,0.0182995616579093,-6.15691009062605,-2.05130859539027,-9.29285284975722,-5.8302277290063,-7.72488147019164,-4.54615686740146,0.000150044183531119,0.0567475928243134,-3.13594275913117,-0.922764172189194,FALSE,-1,-1,-1,-1,TRUE,TRUE,0.202976742637103,0.831271266149213,TRUE,"young_high",29.1930190342575,29.1930190342575,1.04641774611754,1.7850385997339
"factorial_medium_original",7,"A630033H20Rik",-7.1736104469298,-4.40000802695752,0.000168632938166594,0.0323649395803617,-7.59649197459423,-2.70641474075611,-6.71150926238475,-3.32583163005002,-7.15400061848949,-4.138876462744,0.000410772927902635,0.0825332668734372,0.884982712209483,0.255999007606499,FALSE,-1,-1,-1,-1,TRUE,TRUE,0.0618522905959749,0.941750570071041,TRUE,"young_high",27.8847868357505,27.8847868357505,1.048112129488,1.53653561174097
"factorial_medium_original",8,"Osbpl10",-6.68001552896074,-4.25800215954374,0.000244421387979083,0.036546681721198,-9.79118727472838,-3.79853626772304,-5.19430154591429,-2.94998592227998,-7.49274441032133,-4.80054977536627,8.00599255027157e-05,0.0447604600886705,4.59688572881409,1.47259652434191,FALSE,-1,-1,-1,-1,TRUE,TRUE,0.306755787353833,0.765253928605122,TRUE,"young_high",27.5256423915921,27.5256423915921,0.434647491132227,0.724458914119028
"factorial_medium_original",9,"Chml",-6.56103823175966,-4.01896380717294,0.000455344292777328,0.0504764850071005,-8.71747714551462,-2.75996324097659,-6.28685345191345,-3.55607199105426,-7.50216529871404,-4.14522689875551,0.000404379673116809,0.0825332668734372,2.43062369360117,0.671505246438327,FALSE,-1,-1,-1,-1,TRUE,TRUE,0.16199479982286,0.860589049238813,TRUE,"young_high",26.7627509175431,26.7627509175431,1.82638986351063,1.75580834446409
"factorial_medium_original",10,"Mical3",-6.68114126066803,-4.46482104303355,0.000142317526495444,0.02965992254108,-6.75461971835643,-2.40521317889135,-6.64953058412993,-3.6551995146072,-6.70207515124318,-4.00594129706436,0.000570252852637042,0.0972831622366319,0.105089134226505,0.0314067578451883,FALSE,-1,-1,-1,-1,TRUE,TRUE,0.00784004386812702,0.992220944270048,TRUE,"young_high",26.6392666055913,26.6392666055913,0.927326853604832,1.30253736403452
"factorial_medium_original",11,"Brwd3",-7.62657437709915,-5.1375827386335,2.4423562487673e-05,0.0136548952186516,-5.78918897828378,-2.01448394894243,-8.2907893192824,-4.72765456895093,-7.03998914878309,-4.18225059356773,0.000369030357234465,0.0825332668734372,-2.50160034099862,-0.743063610603662,FALSE,-1,-1,-1,-1,TRUE,TRUE,0.177670740001091,0.849133774011464,TRUE,"young_high",25.0010446860395,25.0010446860395,0.986811693487687,1.3634976560538
"factorial_medium_original",12,"Camsap3",-6.55633421294093,-3.90091546858319,0.000618070900169527,0.0620919820724996,-7.2579697086122,-2.30113512246242,-6.48685730312645,-3.24587322656519,-6.87241350586932,-3.68106448326623,0.00126591939361991,0.121816139263709,0.771112405485744,0.206515111904672,FALSE,-1,-1,-1,-1,TRUE,TRUE,0.0561020046833022,0.946878232941026,TRUE,"young_high",23.9539335770515,23.9539335770515,0.869423090900174,1.33069187293754
"factorial_medium_original",13,"Prosapip1",-6.2913954783937,-3.80490777932012,0.000791589999500026,0.0687774040781813,-9.24655334526946,-3.23480379883791,-5.13055733078258,-2.67177709162873,-7.18855533802602,-4.17504508768169,0.000375660021824329,0.0825332668734372,4.11599601448688,1.19526581720102,FALSE,-1,-1,-1,-1,TRUE,TRUE,0.286288102035327,0.777430809176944,TRUE,"young_high",23.3326753190548,23.3326753190548,0.5367550841073,1.03266639678916
"factorial_medium_original",14,"Fgf12",-5.37696752845366,-3.32292450918653,0.0026880961164119,0.10520615919813,-10.4719757727647,-4.46416572322668,-3.07680153528356,-1.89572816103185,-6.77438865402415,-4.74974890318461,9.0745049895021e-05,0.0456238846579543,7.39517423748118,2.5925011478689,FALSE,-1,-1,-1,-1,TRUE,TRUE,0.545818528382612,0.646906465176283,TRUE,"young_high",20.8152797294155,20.8152797294155,0.312833454895458,0.66606870217831
"factorial_medium_original",15,"Pcdhga1",-5.87016337782511,-3.71595343667523,0.000994585237252402,0.0751700683279227,-6.68536804307701,-2.36537469235092,-5.6303160585312,-3.09115921001445,-6.1578420508041,-3.66275126804442,0.00132379264071844,0.121816139263709,1.05505198454581,0.313778184172759,FALSE,-1,-1,-1,-1,TRUE,TRUE,0.0856673401310041,0.921092459020949,TRUE,"young_high",20.7749123016617,20.7749123016617,0.36896215991575,0.874555213819669
"factorial_medium_original",16,"4933400A11Rik",-5.42562899895924,-3.15900680545797,0.00403418080874989,0.12380794992772,-10.8991326483482,-4.47999815085643,-2.93754951905629,-1.66825741221841,-6.91834108370223,-4.6072861459543,0.000129002304990177,0.0539517823784161,7.96158312929187,2.65101786740909,FALSE,-1,-1,-1,-1,TRUE,TRUE,0.575396793651187,0.634760718080662,TRUE,"young_high",20.2328563549084,20.2328563549084,0.432784326345617,0.85847601504638
"factorial_medium_original",17,"Tbck",-6.43824664027698,-3.65497922180797,0.00116234813006724,0.0797315646077218,-7.58405139508586,-2.56466873875298,-5.56114670346858,-2.4570004601453,-6.57259904927722,-3.52994228385812,0.00182874677742698,0.138962124944629,2.02290469161728,0.543220174668959,FALSE,-1,-1,-1,-1,TRUE,TRUE,0.15388923944406,0.866634305803733,TRUE,"young_high",20.106691791378,20.106691791378,1.31708906484545,1.41378916123188
"factorial_medium_original",18,"Postn",-7.11321560720305,-4.34953801449316,0.000192431618172169,0.0329930423743456,-2.13854519937302,-2.27224099512884,-9.89836812491948,-4.8257485090047,-6.01845666214625,-5.33368083855559,2.16766660626294e-05,0.0232283540749459,-7.75982292554646,-3.43845782830743,FALSE,-1,-1,-1,-1,TRUE,TRUE,0.644668784414777,0.608025159519174,TRUE,"young_high",19.5179280355765,19.5179280355765,4.47312395852723,3.57066885281487
"factorial_medium_original",19,"Fzd9",-6.10471032275087,-3.46539968611218,0.00188037177126899,0.0956569027401638,-5.93934913868809,-1.89118468864434,-6.37141123287836,-3.10579551799724,-6.15538018578323,-3.28181932747878,0.00332437849378201,0.160871919493848,-0.432062094190265,-0.11517970365661,FALSE,-1,-1,-1,-1,TRUE,TRUE,0.0350962934906834,0.966093692237727,TRUE,"young_high",19.5159095716201,19.5159095716201,0.605519250125705,1.39465131243985
"factorial_medium_original",20,"Suox",-7.01067716592001,-4.56555640426746,0.00010930517208284,0.0288449573347794,-4.7638710836523,-1.77573555806186,-7.52361927075577,-4.17809295616668,-6.14374517720403,-3.802914181213,0.000939502328356233,0.113490423763341,-2.75974818710347,-0.85412767087525,FALSE,-1,-1,-1,-1,TRUE,TRUE,0.224598179360137,0.81659438732998,TRUE,"young_high",19.0790220448933,19.0790220448933,2.08961701822246,1.99217207303308
"factorial_medium_original",21,"Dhx34",-6.93827482933716,-4.6501841476119,8.75576373883843e-05,0.0255388227157032,-4.70546439956301,-1.56940632519227,-8.10561405229297,-4.98026488529392,-6.40553922592799,-3.75525483290057,0.00105588905745043,0.117227365190096,-3.40014965272996,-0.996670847343811,FALSE,-1,-1,-1,-1,TRUE,TRUE,0.265406960085426,0.790259601490173,TRUE,"young_high",19.0092459534728,19.0092459534728,0.92739359345046,1.30487183539213
"factorial_medium_original",22,"Scml4",-6.92159098672696,-4.38690450700829,0.000174514716771124,0.0326853506637559,-5.03116119842677,-1.66163806953843,-7.51003739409562,-4.04320698132312,-6.27059929626119,-3.53057940823904,0.00182592285654097,0.138962124944629,-2.47887619566886,-0.697849506762507,FALSE,-1,-1,-1,-1,TRUE,TRUE,0.197658619287653,0.834962470853992,TRUE,"young_high",18.4851078564155,18.4851078564155,1.15793815089726,1.43118693389438
"factorial_medium_original",23,"She",-6.13807293307808,-3.5057184449334,0.00169835643606053,0.0925388364885693,-5.88839887533369,-1.81453757203925,-6.04283423495622,-2.78378747718165,-5.96561655514495,-3.0559901646205,0.00567693621133724,0.191714888664432,-0.154435359622536,-0.0395560907840339,FALSE,-1,-1,-1,-1,TRUE,TRUE,0.0129437875575122,0.987221613166982,TRUE,"young_high",17.9979044665251,17.9979044665251,0.96934577543759,1.09228053284598
"factorial_medium_original",24,"Spnb3",-5.66092562299159,-3.18630947722712,0.00377198639182625,0.121838338327291,-8.64727300679846,-2.85371314180479,-4.52547452014332,-2.12753539801161,-6.58637376347089,-3.55805183180047,0.00170813772805572,0.134754251810236,4.12179848665514,1.11332678514947,FALSE,-1,-1,-1,-1,TRUE,TRUE,0.312903452018761,0.761670630435443,TRUE,"young_high",17.8494916728312,17.8494916728312,0.646878768637977,0.954930707232363
"factorial_medium_original",25,"Rbm20",-4.99091111687006,-2.59447847829045,0.0154635391020337,0.205131111617591,-11.6305555719493,-4.56881538090689,-2.19257523427033,-1.10486863378325,-6.9115654031098,-4.28258663027875,0.000287961344341171,0.0787849984443217,9.43798033767895,2.92400968909238,FALSE,-1,-1,-1,-1,TRUE,TRUE,0.682767152189955,0.594259282217744,TRUE,"young_high",17.5897048805205,17.5897048805205,0.566307045119624,1.0535942860274
"factorial_medium_original",26,"Pcdhb20",-6.16867253322632,-3.76233072854845,0.000883095528190847,0.0723294611274274,-5.37083991071051,-1.75571636515053,-6.31231071749196,-3.29030483873908,-5.84157531410123,-3.23555753730834,0.0037123614132064,0.165180814575852,-0.941470806781441,-0.260733004476048,FALSE,-1,-1,-1,-1,TRUE,TRUE,0.0805836333159269,0.925425824682682,TRUE,"young_high",17.491244966662,17.491244966662,0.495906624936985,0.87863427002781
"factorial_medium_original",27,"6330408A02Rik",-5.56687197356787,-3.32450734630109,0.00267750349479892,0.10520615919813,-7.27695230093202,-2.77057588650962,-4.44266807559385,-2.44794884556923,-5.85981018826293,-3.67094842757397,0.00129757322174807,0.121816139263709,2.83428422533817,0.887785686398412,FALSE,-1,-1,-1,-1,TRUE,TRUE,0.241840937883469,0.805256107681834,TRUE,"young_high",17.3219132501366,17.3219132501366,0.442709742615623,0.987045389633006
"factorial_medium_original",28,"Fastkd5",-6.53531160788863,-3.58075374379787,0.00140419025337364,0.0859020721497109,-5.67032745255232,-1.63712854996015,-6.70249522180907,-2.95218201203978,-6.1864113371807,-2.98762012428599,0.00666193146623537,0.197570826304902,-1.03216776925675,-0.249233766637653,FALSE,-1,-1,-1,-1,TRUE,TRUE,0.0834221675198992,0.923001236248596,TRUE,"young_high",17.0595060375969,17.0595060375969,1.20826067223512,1.51899695638059
"factorial_medium_original",29,"B4galt2",-5.41276291673983,-3.58057609257218,0.00140482422923838,0.0859020721497109,-7.01680376406017,-2.39721552716553,-4.78013577398664,-2.65702250395242,-5.89846976902341,-3.43359455790871,0.00230881899363741,0.141716608360909,2.23666799007353,0.651000288150718,FALSE,-1,-1,-1,-1,TRUE,TRUE,0.189597292862497,0.840620608335217,TRUE,"young_high",17.0250502589609,17.0250502589609,2.28853692449192,1.83450932133855
"factorial_medium_original",30,"Bdnf",-5.49091170977644,-2.60598719396792,0.0150608230186934,0.203645765717538,-11.5944332836131,-3.89839750823754,-2.87730357083043,-1.17091412378743,-7.23586842722177,-3.75112116186168,0.00106662966112843,0.117227365190096,8.71712971278269,2.25950831370128,FALSE,-1,-1,-1,-1,TRUE,TRUE,0.602355418572352,0.62408126712048,TRUE,"young_high",16.9392001719454,16.9392001719454,1.10271328640119,1.53392261270004
"factorial_medium_original",31,"2010310C07Rik",-5.74914102271843,-3.41146368956566,0.00215374552355515,0.0980107901936213,-5.63478847019623,-1.76751105931243,-5.67567138323085,-2.79600108323809,-5.65522992671354,-2.99266637098086,0.00658395407801948,0.197570826304902,-0.0408829130346202,-0.0108173248985426,FALSE,-1,-1,-1,-1,TRUE,TRUE,0.00361461071873412,0.996398407635631,TRUE,"young_high",16.8632622932024,16.8632622932024,0.55921471584264,0.710509373430226
"factorial_medium_original",32,"Slurp1",-5.52243971208638,-3.19932308137447,0.00365285743084646,0.121838338327291,-6.38522024067362,-2.03720571792591,-5.29588719581402,-2.62653261593785,-5.84055371824382,-3.13431954958974,0.00472043138545277,0.180831806805978,1.0893330448596,0.292294020672427,FALSE,-1,-1,-1,-1,TRUE,TRUE,0.0932559654576026,0.914698873453145,TRUE,"young_high",16.7446254838026,16.7446254838026,0.452789704947453,0.901604472362907
"factorial_medium_original",33,"Nhlrc3",-5.49170120788171,-2.88107180517319,0.00790994868795613,0.161884701150694,-9.91772811817384,-3.59263856958665,-3.27876063838832,-1.48623670720493,-6.59824437828108,-3.73439191401883,0.00111120846198054,0.118091153823205,6.63896747978553,1.87871993310467,FALSE,-1,-1,-1,-1,TRUE,TRUE,0.503085866185301,0.665297986293964,TRUE,"young_high",16.3932287617794,16.3932287617794,0.819712967719703,1.16759997901295
"factorial_medium_original",34,"Clvs1",-5.41319101834517,-3.23686233804697,0.00332916287509087,0.115390041538527,-6.82654617601249,-2.24887032524932,-4.88500624572871,-2.52333217707385,-5.8557762108706,-3.25291107756472,0.00356193400187567,0.162999677331385,1.94153993028378,0.539267256749841,FALSE,-1,-1,-1,-1,TRUE,TRUE,0.165779880803816,0.857794868882529,TRUE,"young_high",16.3395505598767,16.3395505598767,0.384574067882369,0.83466932114784
"factorial_medium_original",35,"Ctrb1",-5.31179578565694,-3.17975605682009,0.00383338385476273,0.122240523606271,-7.81309051439782,-2.59662887118923,-4.39322772538119,-2.29266169861958,-6.10315911988951,-3.42173280880821,0.00237583595710891,0.141716608360909,3.41986278901662,0.958672097263981,FALSE,-1,-1,-1,-1,TRUE,TRUE,0.280171501485204,0.781145337823752,TRUE,"young_high",16.3129547671346,16.3129547671346,0.348473005816591,0.699439134261313
"factorial_medium_original",36,"Chrdl2",-6.7086399590244,-3.28073936662174,0.00298581190853938,0.108798961242686,-5.43958818643779,-1.37909464990764,-7.69661722496943,-3.35193492733087,-6.56810270570361,-2.87822524672984,0.00858654440224301,0.216898931769726,-2.25702903853164,-0.494529261521972,FALSE,-1,-1,-1,-1,TRUE,TRUE,0.171817415762566,0.85337526695594,TRUE,"young_high",16.1326148394616,16.1326148394616,1.36947544525983,2.22485772037919
"factorial_medium_original",37,"Pcyox1l",-5.71460419973363,-3.59705226687425,0.00134719894219928,0.0859020721497109,-5.00758495195878,-1.86677222735723,-5.6216354422764,-2.8465288418977,-5.31461019711759,-3.19093940235828,0.00412793535282308,0.174276147960299,-0.614050490317616,-0.184340697804572,FALSE,-1,-1,-1,-1,TRUE,TRUE,0.0577700348447583,0.945385071478947,TRUE,"young_high",16.0324064092499,16.0324064092499,1.18856824864606,1.34551350496432
"factorial_medium_original",38,"H19",-5.93660893592067,-3.19394050307312,0.00370168486611125,0.121838338327291,-6.80162241937502,-2.10622573834838,-5.23438680415968,-2.20262630612161,-6.01800461176735,-3.00190376506465,0.00644347464042379,0.197570826304902,1.56723561521534,0.390884586965834,FALSE,-1,-1,-1,-1,TRUE,TRUE,0.130212220337835,0.884789583766035,TRUE,"young_high",15.9841403031732,15.9841403031732,1.28320786172109,1.50090708726674
"factorial_medium_original",39,"4930412F15Rik",-5.29839455335082,-3.19810145975344,0.00366388455808585,0.121838338327291,-6.49147356311364,-2.16753273886328,-4.87448577211229,-2.54066870202149,-5.68297966761297,-3.19563726279841,0.00408214261237414,0.174137492549718,1.61698779100136,0.454630030427723,FALSE,-1,-1,-1,-1,TRUE,TRUE,0.142265830894193,0.875452957580965,TRUE,"young_high",15.898874936435,15.898874936435,0.357727631190884,0.774772931633529
"factorial_medium_original",40,"6720456H20Rik",-6.49336023450995,-4.63522770825591,9.10592155632454e-05,0.0255388227157032,-3.36485337820273,-1.41817117740974,-7.90338674473923,-4.99926313819853,-5.63412006147098,-3.95222526344007,0.000650937146939686,0.101894834469249,-4.5385333665365,-1.59184628961458,FALSE,-1,-1,-1,-1,TRUE,TRUE,0.402772120069043,0.712874162305693,TRUE,"young_high",15.873791135159,15.873791135159,2.02067824633613,1.91201994669697
"factorial_medium_original",41,"3110057O12Rik",-5.19678132256194,-2.93537729948487,0.00694631000633028,0.150882770897637,-6.23402484699925,-1.99466883363718,-5.10241841273884,-2.49574053358238,-5.66822162986905,-3.0354834370364,0.00595664518539765,0.194695522343767,1.13160643426042,0.303002671097097,FALSE,-1,-1,-1,-1,TRUE,TRUE,0.0998202265484046,0.909239506476733,TRUE,"young_high",15.6441866221322,15.6441866221322,0.442579315661765,0.716097062157423
"factorial_medium_original",42,"Pyroxd2",-5.48518371633152,-3.14625628404744,0.00416254445424261,0.124769601718195,-8.39884758453895,-2.98565521267569,-3.94625855278393,-1.77893559901153,-6.17255306866144,-3.44594627162171,0.00224099596211947,0.141716608360909,4.45258903175501,1.24287166123687,FALSE,-1,-1,-1,-1,TRUE,TRUE,0.360676418780808,0.734928588603026,TRUE,"young_high",15.6321414406517,15.6321414406517,1.32597004534856,1.49259211332879
"factorial_medium_original",43,"Gnrh1",-6.18602117839552,-3.86699824817255,0.000674610076496532,0.0628029748424247,-4.57098436895744,-1.7018792176454,-6.21824217235644,-3.45218939774609,-5.39461327065694,-3.33626667404539,0.00291803977417386,0.1550066762551,-1.647257803399,-0.509368423398776,FALSE,-1,-1,-1,-1,TRUE,TRUE,0.152676157499817,0.867546355924482,TRUE,"young_high",15.6139852092487,15.6139852092487,0.664154668728727,0.978918515250582
"factorial_medium_original",44,"Hhip",-5.36816321910968,-2.79374264839254,0.00972979860710744,0.171435634097938,-9.48921881901468,-3.06892912871384,-3.61333990749016,-1.59856849905314,-6.55127936325242,-3.42092033061562,0.00238049517116077,0.141716608360909,5.87587891152452,1.53412123908349,FALSE,-1,-1,-1,-1,TRUE,TRUE,0.448452747720612,0.690391869236792,TRUE,"young_high",15.4726516281328,15.4726516281328,0.782799931292831,1.10540983118267
"factorial_medium_original",45,"4933402P03Rik",-5.29435448565696,-3.03410777933487,0.00547344823652191,0.141448824438583,-6.29849807870071,-1.99161004069559,-5.05414695170131,-2.48191073662067,-5.67632251520101,-3.01816742639795,0.00620310178088967,0.195026126651492,1.2443511269994,0.330818062967143,FALSE,-1,-1,-1,-1,TRUE,TRUE,0.109608907356669,0.901218432341372,TRUE,"young_high",15.4397568400216,15.4397568400216,0.4496921197577,0.947547988393321
"factorial_medium_original",46,"Cnn1",-5.38916478264012,-2.9975378358864,0.005980387312674,0.14455225649187,-7.51217315423285,-2.26076947232813,-4.62109336477853,-2.20772190356241,-6.06663325950569,-3.08958271946001,0.00524583387091051,0.185370866160208,2.89107978945432,0.736176869112896,FALSE,-1,-1,-1,-1,TRUE,TRUE,0.238277099299454,0.807573684893101,TRUE,"young_high",15.1366485695924,15.1366485695924,0.555651901300641,1.56978319359042
"factorial_medium_original",47,"Zfp958",-5.21811799718792,-2.88050359719323,0.00792067188008823,0.161884701150694,-8.91331869852444,-3.40771470530038,-3.15201372595906,-1.57932926668856,-6.03266621224175,-3.66717175622738,0.0013095892042922,0.121816139263709,5.76130497256537,1.75110756430804,FALSE,-1,-1,-1,-1,TRUE,TRUE,0.477508973011412,0.676814840563595,TRUE,"young_high",14.9730550219199,14.9730550219199,0.626839956914706,1.17490353225043
"factorial_medium_original",48,"Clcn2",-6.3595752731069,-3.88635992273323,0.000641739440941339,0.0625860459020409,-4.59006075657982,-1.39094618129893,-7.23151217463014,-3.73288856558592,-5.91078646560498,-3.08934137817831,0.00524881557403741,0.185370866160208,-2.64145141805031,-0.690292671856434,FALSE,-1,-1,-1,-1,TRUE,TRUE,0.223443293881254,0.81736522240242,TRUE,"young_high",14.9254463178595,14.9254463178595,1.34815062899611,1.72982148175866
"factorial_medium_original",49,"Tmeff1",-5.30670494851411,-2.91411829093727,0.00730945139736646,0.15666914359137,-6.95855687705832,-2.10500640017268,-4.80837039135204,-2.2534148975054,-5.88346363420518,-2.99064226591731,0.00661512597635163,0.197570826304902,2.15018648570629,0.546484093686945,FALSE,-1,-1,-1,-1,TRUE,TRUE,0.182731332821897,0.845500556423143,TRUE,"young_high",14.8768655451619,14.8768655451619,0.516907592599611,1.2126898237308
"factorial_medium_original",50,"D0H4S114",-2.68455486741261,-6.69637888854438,4.53245830241249e-07,0.00115925354746538,-2.31649699522288,-3.42339478119067,-2.90375685915496,-5.73949597161391,-2.61012692718892,-6.17862328632669,2.86775122649819e-06,0.00690255361568278,-0.58725986393208,-0.695072992929811,FALSE,-1,-1,-1,-1,TRUE,TRUE,0.112496397266809,0.898879315435815,TRUE,"young_high",14.4962186414434,14.4962186414434,6.03078356208562,1.82997501123122
"factorial_medium_original",51,"Nrxn2",6.49424034559675,4.72204787069673,7.2520609071955e-05,0.0250996630076344,7.74277946454928,3.60117731233487,5.50309747194049,3.28693096716728,6.62293846824488,4.86079473107079,6.90162625016102e-05,0.0446422247014908,-2.23968199260878,-0.821888537931104,FALSE,1,1,1,1,TRUE,TRUE,0.169085205476558,0.855369647409375,TRUE,"old_high",27.5366964356785,27.5366964356785,1.42926333954547,1.37937794344326
"factorial_medium_original",52,"Chchd10",7.57754019641513,4.78384267055961,6.16730500724515e-05,0.0250996630076344,4.9468436857765,2.05373830643073,8.51511714876993,5.13678608109268,6.73098041727321,4.60396643752378,0.00013006495479671,0.0539517823784161,3.56827346299343,1.22034311831973,FALSE,1,1,1,1,TRUE,TRUE,0.265063406570982,0.790474212443272,TRUE,"old_high",24.4961697348859,24.4961697348859,1.79233606795504,1.78286816169917
"factorial_medium_original",53,"Hoxa5",6.76713992050025,3.75228012160696,0.000906166130774007,0.0732854734315909,8.61428295204788,3.50319544284826,4.86602542965171,2.4393790961174,6.7401541908498,4.25737532312378,0.000306485492939272,0.0804305500756346,-3.74825752239617,-1.18378145578822,FALSE,1,1,1,1,TRUE,TRUE,0.278054265392801,0.782439390155829,TRUE,"old_high",22.4523847720613,22.4523847720613,1.64635765219305,1.81146922096571
"factorial_medium_original",54,"Aox3",6.53952081926375,3.55070901177646,0.00151547497587258,0.088579512339752,5.78274266201285,1.99815255413748,7.20511895909348,3.66709176306659,6.49393081055316,3.71294723222672,0.00117104612124999,0.120467856585228,1.42237629708063,0.40662645549349,FALSE,1,1,1,1,TRUE,TRUE,0.109515810151021,0.901294051739457,TRUE,"old_high",21.7316618733294,21.7316618733294,2.27620219650888,1.89797358324368
"factorial_medium_original",55,"Acot1",5.87802893508362,3.88437932385882,0.000645028240420579,0.0625860459020409,5.38871587384156,2.0214743051627,6.10712724736584,3.27361545802385,5.7479215606037,3.53317720481619,0.00181445281134258,0.138962124944629,0.718411373524281,0.220799349978437,FALSE,1,1,1,1,TRUE,TRUE,0.0624931380375074,0.941182549044094,TRUE,"old_high",19.1139356160995,19.1139356160995,2.06220723764948,1.59857522728937
"factorial_medium_original",56,"Lect1",6.22647559789845,3.06465313333275,0.00508174639700727,0.139314666907523,8.65606084519439,3.35449219156038,4.16138631170919,1.85971036869607,6.40872357845179,3.75271116007725,0.00106248564733469,0.117227365190096,-4.4946745334852,-1.31595746611993,FALSE,1,1,1,1,TRUE,TRUE,0.350668438714482,0.740374152039685,TRUE,"old_high",17.8060638757475,17.8060638757475,1.41391766958896,1.90036725228912
"factorial_medium_original",57,"Rgs20",5.40474689100074,3.34412776456188,0.00254950666319685,0.104059352608327,8.05896467215472,3.26258717579265,4.07588764157272,2.03396188924733,6.06742615686372,3.81509652897494,0.00091184418232354,0.112744272504792,-3.983077030582,-1.25224625410752,FALSE,1,1,1,1,TRUE,TRUE,0.328234460492092,0.752879126196977,TRUE,"old_high",17.427507837951,17.427507837951,0.876446021836203,1.13900948365348
"factorial_medium_original",58,"Inmt",2.76601350705407,7.56793120069461,5.45471611590901e-08,0.00035071097267237,2.46789403547591,3.85087982560673,2.86672970389537,6.37643366763754,2.66731186968564,6.81448618890867,6.59324822077327e-07,0.00423912894354617,0.398835668419462,0.509475510715007,FALSE,1,1,1,1,TRUE,TRUE,0.0747635846765236,0.930437181029886,TRUE,"old_high",16.9119610644006,16.9119610644006,10.2716846755446,1.25360292642662
"factorial_medium_original",59,"Ddb2",6.15386513273829,2.65396870769258,0.0134849982345481,0.192807611002199,10.7622192757092,3.62075849286757,3.29230047340296,1.19795663346143,7.02725987455607,3.47179604717582,0.00210529404870344,0.141716608360909,-7.46991880230621,-1.84524516194937,FALSE,1,1,1,1,TRUE,TRUE,0.531495803781008,0.652956408715693,TRUE,"old_high",15.930316619039,15.930316619039,1.84744479321454,2.3109519555616
"factorial_medium_original",60,"Tmem154",5.15928528491124,2.94875896561972,0.00672659495942827,0.148876565547828,8.35285916236936,3.54129059358621,3.40721790719495,1.61378477925523,5.88003853478215,3.71493359161308,0.00116537271897537,0.120467856585228,-4.94564125517441,-1.56229663481241,FALSE,1,1,1,1,TRUE,TRUE,0.42054493396383,0.703955204859054,TRUE,"old_high",15.3771641787417,15.3771641787417,1.07118171815003,1.24584783344714
"factorial_medium_original",61,"Gsta3",6.02238344957237,2.6311579234528,0.0142138934896765,0.197610152653077,8.49712145276413,2.75701228886971,4.13640386039497,1.68554399573801,6.31676265657955,3.2067376456799,0.00397588538438752,0.173308170026573,-4.36071759236916,-1.10687056217502,FALSE,1,1,1,1,TRUE,TRUE,0.345170262385652,0.743400317389195,TRUE,"old_high",15.0584659623343,15.0584659623343,2.08840954152266,1.92023398477911
"factorial_medium_original",62,"Ccl7",2.27658318860428,7.83313574046399,2.91918310203556e-08,0.00035071097267237,1.93352299557291,3.97437370839091,2.46323510800374,7.03489899312361,2.19837905178833,7.33525473660719,2.0546377669094e-07,0.0026420587044688,0.529712112430829,0.883735968686932,FALSE,1,1,1,1,TRUE,TRUE,0.120477856519344,0.892476361029037,TRUE,"old_high",14.3917795953426,14.3917795953426,10.9398714632527,1.03150743631434
"factorial_medium_original",63,"Hp",5.29551979950671,2.76730877712716,0.0103543530902022,0.176573307840049,8.52846075073599,3.31112595053414,3.42821893807506,1.46255362288439,5.97833984440553,3.43325786012743,0.00231069557930295,0.141716608360909,-5.10024181266093,-1.46449062345082,FALSE,1,1,1,1,TRUE,TRUE,0.426560008199741,0.70098698565226,TRUE,"old_high",14.3878856433247,14.3878856433247,1.1711644061183,1.61572431967137
"factorial_medium_original",64,"Nudt7",4.51955681890355,2.81447805170106,0.00926494015114918,0.169383428894179,4.91657485470425,1.81059577367833,4.72244222917179,2.49251398369573,4.81950854193802,2.91112725927582,0.0079579081159167,0.211726659841895,-0.194132625532456,-0.0586309551258789,FALSE,1,1,1,1,TRUE,TRUE,0.0201402906232946,0.980257332439062,TRUE,"old_high",13.7532090651729,13.7532090651729,1.59550124039319,1.447459558369
"factorial_medium_original",65,"Batf2",4.68511119287167,2.43197224728051,0.0223286451352077,0.229419758044817,8.80625523319782,3.53179415571048,2.89389826889388,1.31709847671316,5.85007675104585,3.52057636553674,0.00187075618609094,0.139142641594429,-5.91235696430394,-1.77902829987862,FALSE,1,1,1,1,TRUE,TRUE,0.505322982123608,0.664309262447629,TRUE,"old_high",13.6818757109873,13.6818757109873,0.771610131121053,1.11227848990293
"factorial_medium_original",66,"Crym",5.77791600129726,2.92893850651638,0.00705444503771343,0.152715671279389,4.76017743046307,1.6467617110759,5.48089448144376,2.45290633988075,5.12053595595341,2.80303927756597,0.0102053791748529,0.226460011983505,0.720717050980691,0.19726433124267,FALSE,1,1,1,1,TRUE,TRUE,0.0703751508440826,0.934251882820163,TRUE,"old_high",13.4093765119712,13.4093765119712,1.77580327872627,1.95807732956804
"factorial_medium_original",67,"H2-Ab1",4.50608914776898,2.82391237087891,0.00906045243021286,0.168903464137572,5.66328853112323,2.46207200211008,3.75008759741108,2.20814180996017,4.70668806426716,3.29227577004696,0.00324229913713992,0.159251226886994,-1.91320093371214,-0.669131350036946,FALSE,1,1,1,1,TRUE,TRUE,0.20324277967285,0.831087472032777,TRUE,"old_high",12.8782946658272,12.8782946658272,2.66727405614621,1.91900289155002
"factorial_medium_original",68,"Cenpt",4.98727587848014,2.59015681487609,0.0156173386945813,0.205131111617591,10.0207999372792,4.24363640598953,1.85826237848537,0.828570143298899,5.93953115788227,3.64760509034563,0.00137361693702759,0.121816139263709,-8.1625375587938,-2.50640267372631,FALSE,1,1,1,1,TRUE,TRUE,0.687136463694187,0.592720281683901,TRUE,"old_high",12.8413228876102,12.8413228876102,1.63606593987697,1.53390499981112
"factorial_medium_original",69,"Immp2l",5.31612773100774,2.74774890888605,0.010840605804899,0.18056910627616,8.29028870425412,3.12798422280974,3.14614799719543,1.35294940059471,5.71821835072477,3.24356043838306,0.00364223918912837,0.163760677388118,-5.14414070705869,-1.45896241307195,FALSE,1,1,1,1,TRUE,TRUE,0.449802713165366,0.689749019586735,TRUE,"old_high",12.7930418752992,12.7930418752992,1.40238339213037,1.61345725501975
"factorial_medium_original",70,"Pltp",3.4236888619382,4.43297780253448,0.00015469175917598,0.0306376407424977,2.74691512870613,2.69145788926897,3.86855503112782,3.42928212042834,3.30773507991697,4.34867810771159,0.000244535094741796,0.0715416397437371,1.12163990242169,0.737309786084711,FALSE,1,1,1,1,TRUE,TRUE,0.169547999730051,0.855031174633974,TRUE,"old_high",12.2990036590757,12.2990036590757,5.22157276261905,1.81018989076988
"factorial_medium_original",71,"Lcn2",6.32768447159342,2.20592901996475,0.0365747943870758,0.275521547172471,9.20203942918609,1.89785150692525,4.74054835828487,1.34769038111925,6.97129389373548,2.32756386874494,0.0292698098448186,0.309933434785102,-4.46149107090122,-0.744797563813041,FALSE,1,1,1,1,TRUE,TRUE,0.319990149527352,0.757581411011339,TRUE,"old_high",12.2926158132854,12.2926158132854,3.49783312265576,2.7997367565073
"factorial_medium_original",72,"Trim46",4.31578279590389,2.40345618601149,0.0237906061218022,0.235870010886858,7.84511686622562,3.12253342077489,2.88975823256348,1.41289153992193,5.36743754939455,3.31357631190074,0.00308114266388953,0.15737944471724,-4.95535863366213,-1.5295901288435,FALSE,1,1,1,1,TRUE,TRUE,0.461613025437816,0.684175621451141,TRUE,"old_high",12.1683466209894,12.1683466209894,0.488352585461137,0.919655089214577
"factorial_medium_original",73,"Trpm6",4.51366982584231,2.71004810935171,0.011839037951728,0.187254845044613,6.935510884089,2.61031429333058,3.37101306370254,1.69158684892524,5.15326197389577,3.10319902127787,0.00508022608191011,0.185031785942862,-3.56449782038646,-1.07323732071088,FALSE,1,1,1,1,TRUE,TRUE,0.345848657859238,0.743025595159147,TRUE,"old_high",11.8821662602233,11.8821662602233,0.673323864525853,0.760869512221753
"factorial_medium_original",74,"Cib2",5.06834210405736,2.73103014667686,0.0112731826874097,0.183264040679395,5.68665796768582,1.98217386302643,4.25955063519491,1.86272831089166,4.97310430144037,2.71106418507883,0.0125806034426257,0.245733367460978,-1.4271073324909,-0.388990391399883,FALSE,1,1,1,1,TRUE,TRUE,0.14348253148391,0.874521448703103,TRUE,"old_high",11.7906523178803,11.7906523178803,1.68697773230291,1.4561438352384
"factorial_medium_original",75,"Ptplad2",4.07804424607748,2.8631140335361,0.00825559017987908,0.163825052659051,4.36665793776895,2.00573436773882,3.87560046804244,2.25628975573235,4.1211292029057,2.97220402469906,0.00690567046808537,0.20045150462553,-0.491057469726516,-0.177078042936705,FALSE,1,1,1,1,TRUE,TRUE,0.0595780168457552,0.943771939490485,TRUE,"old_high",11.5601084662407,11.5601084662407,3.03468092065979,1.63910436461598
"factorial_medium_original",76,"Ldhb",2.75804838748574,3.65385614448332,0.00116568427920147,0.0797315646077218,3.23500589368784,3.00633755540627,2.74368938236619,2.8651374891306,2.98934763802701,4.15054092307572,0.000399105994183946,0.0825332668734372,-0.491316511321657,-0.341082659721911,FALSE,1,1,1,1,TRUE,TRUE,0.0821778676547738,0.924062513094207,TRUE,"old_high",11.4652221929279,11.4652221929279,5.45508842672262,1.46340987565041
"factorial_medium_original",77,"Ltb",4.78948910515208,2.52837656231653,0.0179774785659565,0.213475060694673,5.63881247545532,1.87557151128074,4.2925884769032,1.84685592876094,4.96570047617926,2.61343916815302,0.0156677676586861,0.26469326999546,-1.34622399855212,-0.354257626270556,FALSE,1,1,1,1,TRUE,TRUE,0.135552261907234,0.88062877733204,TRUE,"old_high",11.4284093802661,11.4284093802661,1.09650796516937,1.80590112323974
"factorial_medium_original",78,"1810010H24Rik",4.28971729875904,2.73892624793036,0.0110668966995349,0.18200034666545,4.49075037012831,1.62955394561955,4.29260194608403,2.18165291278368,4.39167615810617,2.59391373441061,0.0163651066433248,0.268416972355247,-0.198148424044283,-0.0585175113187227,FALSE,1,1,1,1,TRUE,TRUE,0.0225595415453162,0.9779381633746,TRUE,"old_high",11.1403088434146,11.1403088434146,2.2701878248414,1.54140129511293
"factorial_medium_original",79,"Prr13",2.27945996219632,6.62526427508571,5.40906857826603e-07,0.00115925354746538,1.71595917004269,3.15263190863218,2.61735027977745,5.93257078477431,2.16665472491007,6.1847728665789,2.82661439595787e-06,0.00690255361568278,0.90139110973476,1.28652230869281,FALSE,1,1,1,1,TRUE,TRUE,0.208014431500557,0.827804680079717,TRUE,"old_high",11.092804029852,11.092804029852,7.7100250948074,0.983612840430996
"factorial_medium_original",80,"Cfl1",2.04385829711761,6.83716202816276,3.19939874999259e-07,0.00102852671315387,1.69161318295128,3.39177939126391,2.24200514599139,6.0715131901152,1.96680916447133,6.33879049472685,1.97119511634121e-06,0.00690255361568278,0.550391963040106,0.88692370533835,FALSE,1,1,1,1,TRUE,TRUE,0.139919986408051,0.87725455463857,TRUE,"old_high",10.9369002959386,10.9369002959386,8.98483266742052,0.870583656718788
"factorial_medium_original",81,"Gm11110",4.61704394385469,2.38076083349107,0.0250164355969494,0.241687712502759,7.72630225183962,2.82989083799684,2.946416032513,1.203409198776,5.33635914217631,2.9102625341921,0.00797385252450733,0.211726659841895,-4.77988621932662,-1.30339088985437,FALSE,1,1,1,1,TRUE,TRUE,0.447860202444793,0.690674416156645,TRUE,"old_high",10.7263160174204,10.7263160174204,1.0678356027936,1.51650336651963
"factorial_medium_original",82,"Gbp8",3.26010480762895,1.70538701345049,0.100229371985033,0.40773473405743,9.9769061108666,4.45764490063436,0.863620271583943,0.432385540329586,5.42026319122527,3.61376886189072,0.00149167611006148,0.126193836179478,-9.11328583928266,-3.03798057710779,FALSE,1,1,1,1,TRUE,TRUE,0.840668125983975,0.543280989051421,TRUE,"old_high",10.6415589356888,10.6415589356888,0.56059729185274,1.20595633877239
"factorial_medium_original",83,"Tmsb10",2.58439774472878,4.47527708491864,0.000138473334929441,0.02965992254108,2.68280075616324,2.78076913780056,2.54084997304697,3.17852977337434,2.61182536460511,4.16921043771195,0.000381115189648103,0.0825332668734372,-0.141950783116263,-0.113296756863985,FALSE,1,1,1,1,TRUE,TRUE,0.0271746261954039,0.973544297627311,TRUE,"old_high",10.6011668258644,10.6011668258644,6.81429832202887,1.41902773545125
"factorial_medium_original",84,"Cgn",3.20137728082836,1.68106910274719,0.104911978292113,0.414586087540958,9.25710150093636,4.37535662133732,1.09847724628391,0.581894590427331,5.17778937361013,3.65213603075444,0.0013585219511943,0.121816139263709,-8.15862425465245,-2.87732886100658,FALSE,1,1,1,1,TRUE,TRUE,0.787848141176495,0.559331621611861,TRUE,"old_high",10.5769560039788,10.5769560039788,0.555580659479156,1.24345115537612
"factorial_medium_original",85,"Abcg1",4.35972392492781,2.68683953116982,0.0124959516275294,0.188832097038228,4.58297059609599,1.64635189342497,4.11855299915392,2.02976807195265,4.35076179762495,2.52603517413593,0.0190220351519704,0.281154425309411,-0.46441759694207,-0.134819514366859,FALSE,1,1,1,1,TRUE,TRUE,0.0533719800315904,0.949332257698757,TRUE,"old_high",10.4333298620283,10.4333298620283,2.24174434356556,1.87783579232869
"factorial_medium_original",86,"Miip",4.15510250766977,2.55059934699169,0.0170927848828654,0.209529190475468,4.72636401137935,1.65439499749033,4.06338230972352,2.07936611820022,4.39487316055143,2.53946727434518,0.0184662474586225,0.280020608573616,-0.662981701655835,-0.191543677523725,FALSE,1,1,1,1,TRUE,TRUE,0.0754267076670243,0.929863460587983,TRUE,"old_high",10.3778681397356,10.3778681397356,2.56646723440617,1.63290715550698
"factorial_medium_original",87,"Tmem212",4.30441899443637,2.23171597929804,0.0346107340422777,0.270613650118887,7.33514786475412,2.47312701881723,3.09920532138845,1.3589940963694,5.21717659307129,2.78894236483177,0.0105395494461355,0.230489908720843,-4.23594254336567,-1.13220238987838,FALSE,1,1,1,1,TRUE,TRUE,0.405961161352108,0.711257200759588,TRUE,"old_high",10.3490802059085,10.3490802059085,0.591263992836685,1.17306219934855
"factorial_medium_original",88,"Snrpc",3.44601990460598,3.34689678845916,0.00253192628684181,0.104059352608327,3.55456283280408,1.95551979419999,3.37203994317716,2.51270879390445,3.46330138799062,3.06564647338514,0.00554964146253734,0.191714888664432,-0.182522889626918,-0.0807828413139452,FALSE,1,1,1,1,TRUE,TRUE,0.0263509932905121,0.974325553867269,TRUE,"old_high",10.3446654758175,10.3446654758175,4.14730769374603,1.6054369657109
"factorial_medium_original",89,"Gm12359",4.04483631214665,2.1266717917706,0.0432558874658112,0.290867464751311,6.85891652218348,2.65959842565157,2.890682357021,1.30897957267135,4.87479943960224,2.87154641533283,0.00871980859079824,0.217489464376859,-3.96823416516248,-1.16876281099919,FALSE,1,1,1,1,TRUE,TRUE,0.407015079011249,0.710724437084732,TRUE,"old_high",9.94887195245501,9.94887195245501,0.761822424958075,1.39893760108319
"factorial_medium_original",90,"Mutyh",4.59931004764016,3.04749336258599,0.00529836934463545,0.14107637426937,3.45354520812323,1.27863372542884,5.40927616523254,2.94900525323764,4.43141068667788,2.71455211769915,0.0124817076733497,0.245733367460978,1.95573095710931,0.599011690253744,FALSE,1,1,1,1,TRUE,TRUE,0.220666834414825,0.819224354923503,TRUE,"old_high",9.854691652766,9.854691652766,1.43323903205153,1.10973608246243
"factorial_medium_original",91,"Irak1bp1",4.11968782397077,2.72976770712824,0.0113064972773425,0.183386962928403,5.68690532821667,2.24710050694862,3.19351305589019,1.74186932941346,4.44020919205343,2.84166286646714,0.00934058836067665,0.219579786209076,-2.49339227232648,-0.797865587559123,FALSE,1,1,1,1,TRUE,TRUE,0.280774157669722,0.780777777262019,TRUE,"old_high",9.85152417765913,9.85152417765913,2.1670021858484,1.61416354964404
"factorial_medium_original",92,"Krt18",4.71553722318601,2.21257746535337,0.0360590154551339,0.273397924373566,7.5650126970157,2.54117281690733,2.91927907287884,1.15213651653764,5.24214588494727,2.68189452816054,0.0134371144035779,0.253968207344937,-4.64573362413686,-1.18838428568355,FALSE,1,1,1,1,TRUE,TRUE,0.443113686931464,0.692946099157531,TRUE,"old_high",9.7420476931053,9.7420476931053,1.28619475404542,2.16662028473615
"factorial_medium_original",93,"Gm13157",4.11830329721569,2.75261162623511,0.0107177512338562,0.179686522967609,3.69948466248922,1.51024348051708,4.18236864096298,2.26028351378569,3.9409266517261,2.5674474482147,0.0173568380358352,0.275901431569795,0.482883978473762,0.157295396220227,FALSE,1,1,1,1,TRUE,TRUE,0.0612652758960873,0.942271477935281,TRUE,"old_high",9.5340178420821,9.5340178420821,1.04433638540211,1.06667675641161
"factorial_medium_original",94,"Ephb3",4.7822817298276,2.11917201194801,0.0439415404684415,0.293023014162015,7.64236565415831,2.19866642499669,3.19493749586944,1.14608667336287,5.41865157501388,2.43223874693239,0.0233591354190122,0.294989220125166,-4.44742815828887,-0.998145658660535,FALSE,1,1,1,1,TRUE,TRUE,0.410381410055514,0.709028063522646,TRUE,"old_high",9.34460297257904,9.34460297257904,2.29749105018142,1.96208650932192
"factorial_medium_original",95,"Fbxl15",4.17495603466593,2.54656712096843,0.0172502450691543,0.210228517706183,5.07016218470932,1.69623984411127,3.72039129252026,1.87021060995847,4.39527673861479,2.44827521822644,0.0225578953882817,0.29391579426723,-1.34977089218906,-0.375927481038583,FALSE,1,1,1,1,TRUE,TRUE,0.153547867280205,0.866890770954971,TRUE,"old_high",9.32847905286262,9.32847905286262,3.3598051111661,1.71939877572148
"factorial_medium_original",96,"Tmem9",2.04108368190633,4.43257780225125,0.000154853823348746,0.0306376407424977,2.13245143349214,3.06994294442522,2.07775684262644,3.28776049677657,2.10510413805929,4.48330310871959,0.000175274949587089,0.0603970724341266,-0.0546945908656973,-0.0582423512511807,FALSE,1,1,1,1,TRUE,TRUE,0.012990943508661,0.987175656809265,TRUE,"old_high",9.31678608463196,9.31678608463196,6.13799026341411,1.09112976528248
"factorial_medium_original",97,"Ankrd33b",3.99442382342185,2.6389584410399,0.0139605910233791,0.195927105503322,3.68343902702067,1.37305063487357,4.40746462099999,2.35467542425191,4.04545182401033,2.47342487512719,0.0213524958698897,0.288508157775357,0.724025593979318,0.221337812472317,FALSE,1,1,1,1,TRUE,TRUE,0.0894863585070727,0.917863718248206,TRUE,"old_high",9.18425558475759,9.18425558475759,1.7092046961546,1.303873605176
"factorial_medium_original",98,"Acp6",3.76849732361875,2.44883599397253,0.0215034566508386,0.227036043040732,4.02389332493359,1.66606034345739,3.6169058178439,1.92876085738954,3.82039957138875,2.49883277219235,0.0201957018517938,0.285390783107334,-0.406987507089688,-0.133100439048957,FALSE,1,1,1,1,TRUE,TRUE,0.0532650376249397,0.949428647375356,TRUE,"old_high",9.06375822877665,9.06375822877665,2.64595099357139,1.59893364650389
"factorial_medium_original",99,"Chaf1b",3.05440740136851,1.69115962206791,0.102947084245482,0.411399465329923,8.62147745922231,3.89346022600942,1.05172770123701,0.562068519115158,4.83660258022966,3.33665361758172,0.00291533250932856,0.1550066762551,-7.5697497579853,-2.61109244507854,FALSE,1,1,1,1,TRUE,TRUE,0.782548167837856,0.560994658120768,TRUE,"old_high",9.05336965772043,9.05336965772043,0.395383089751687,0.767001591227342
"factorial_medium_original",100,"Rgs2",4.87945929110076,2.20054812132763,0.0369971019892769,0.276560707282331,5.9380143148586,1.44420996665896,4.26665740029011,1.54255579765646,5.10233585757435,2.05931009418653,0.0511746904798231,0.361396969170656,-1.67135691456848,-0.33728102786981,FALSE,1,1,1,1,TRUE,TRUE,0.163783490291401,0.859266356966113,TRUE,"old_high",9.02856229108546,9.02856229108546,3.12670337123606,2.32341994386734
