"gene","direction","module","adjusted_logFC","age_rho","reliability","weight","equal_weight","training_mean","training_sd","FDR","pi_LOMO","pi_depth","pi_sex","q_g","primary_model","weighting"
"Clec3a","young_high","young_module",3.20751942250461,-0.813629069697054,1,1,1,1.89337935489973,2.85910000340878,0.754787711670436,1,1,1,2.60973104376766,TRUE,"equal_weight_sensitivity"
"Bglap","young_high","young_module",5.08745890694878,-0.46178947199022,1,1,1,-0.114434505518161,1.6585749835361,0.23312742917226,1,1,1,2.34933496241182,TRUE,"equal_weight_sensitivity"
"Ostn","young_high","young_module",5.6468760777125,-0.40272194936066,1,1,1,-0.75995747583779,1.34836419144834,0.0588761795021925,1,1,1,2.27412094181446,TRUE,"equal_weight_sensitivity"
"Cma1","young_high","young_module",2.9361286612763,-0.725669170270345,1,1,1,-0.389126442479067,0.838326551873994,0.751006653302126,1,1,1,2.13065804943535,TRUE,"equal_weight_sensitivity"
"D3Bwg0562e","young_high","young_module",2.90105692711111,-0.567727090763491,1,1,1,0.182055173464072,0.882342252706402,0.107563816444664,1,1,1,1.64700860936806,TRUE,"equal_weight_sensitivity"
"Emid2","young_high","young_module",2.84163175396523,-0.567727090763491,1,1,1,0.623734188964763,1.01592354777091,0.0634727080458943,1,1,1,1.61327132869984,TRUE,"equal_weight_sensitivity"
"Bglap2","young_high","young_module",6.7106626817355,-0.226416706425863,1,1,1,-0.086522545784,1.86905626287475,0.526645198767796,1,1,1,1.5194061423335,TRUE,"equal_weight_sensitivity"
"Folr1","young_high","young_module",1.96487698777918,-0.764248006797007,1,1,1,0.643065319489194,0.634319002217273,0.256588821318753,1,1,1,1.50165332151155,TRUE,"equal_weight_sensitivity"
"Ccdc81","young_high","young_module",1.92613974335903,-0.764248006797007,1,1,1,0.0745987766209969,0.728233016636476,0.723694512279891,1,1,1,1.47204845967464,TRUE,"equal_weight_sensitivity"
"Rprm","young_high","young_module",2.30811548665042,-0.637709270843637,1,1,1,0.0143701796280039,1.04420806965335,0.502284315768698,1,1,1,1.47190664401475,TRUE,"equal_weight_sensitivity"
"Col2a1","young_high","young_module",2.56420257097421,-0.567727090763491,1,1,1,1.31221241966911,0.961716402115017,0.0543856178529038,1,1,1,1.45576726574745,TRUE,"equal_weight_sensitivity"
"Tnfrsf11b","young_high","young_module",1.75159201781056,-0.786083664134064,1,1,1,1.96959479127537,1.16412837151818,0.344297797508252,1,1,1,1.3768978714285,TRUE,"equal_weight_sensitivity"
"Gprc5c","young_high","young_module",3.04751085653988,-0.444554224474387,1,1,1,-0.557364165351607,0.839190095693404,0.723694512279891,1,1,1,1.35478382540636,TRUE,"equal_weight_sensitivity"
"Lhx8","young_high","young_module",1.87360699277618,-0.676905377448778,1,1,1,0.163391185338455,0.844068296947362,0.723694512279891,1,1,1,1.26825464863583,TRUE,"equal_weight_sensitivity"
"Fam101a","young_high","young_module",1.59741484033912,-0.786083664134064,1,1,1,0.595865574664104,0.61937653504255,0.438698870902043,1,1,1,1.25570171083591,TRUE,"equal_weight_sensitivity"
"Sh2d5","young_high","young_module",1.80974633839537,-0.679250119277589,1,1,1,-0.620088277986253,0.753305289062716,0.827178994573417,1,1,1,1.22927041621724,TRUE,"equal_weight_sensitivity"
"Tshr","young_high","young_module",1.77834998325351,-0.676905377448778,1,1,1,-0.0679697203101601,0.80397648711886,0.465993249448045,1,1,1,1.20377466665025,TRUE,"equal_weight_sensitivity"
"Nt5dc2","young_high","young_module",1.5298317645194,-0.764248006797007,1,1,1,1.52821076166745,0.78319801408945,0.74801595287595,1,1,1,1.1691708767687,TRUE,"equal_weight_sensitivity"
"Gm525","young_high","young_module",1.60456944124435,-0.720576692122892,1,1,1,3.80221553140986,1.2316954603997,0.723694512279891,1,1,1,1.15621534025333,TRUE,"equal_weight_sensitivity"
"Cilp2","young_high","young_module",1.22532358670157,-0.938933265493466,1,1,1,6.94781829078343,1.23506974797427,0.755458728850077,1,1,1,1.15049707654787,TRUE,"equal_weight_sensitivity"
"Sprn","young_high","young_module",1.54088386187977,-0.74241234945995,1,1,1,0.471513795746398,0.552922516239441,0.685798079757188,1,1,1,1.14397120814308,TRUE,"equal_weight_sensitivity"
"Spock3","young_high","young_module",1.70190733150641,-0.65506972011172,1,1,1,2.38428757766071,0.715966950553228,0.0543856178529038,1,1,1,1.11486795930599,TRUE,"equal_weight_sensitivity"
"Kera","young_high","young_module",1.21512104328869,-0.917097608156408,1,1,1,7.33690496505391,0.840450721370252,0.723694512279891,1,1,1,1.11438460242058,TRUE,"equal_weight_sensitivity"
"Slitrk1","young_high","young_module",2.95919410852377,-0.366757235191369,1,1,1,-0.65984612469159,0.733194823304643,0.629936440809087,1,1,1,1.08530584963677,TRUE,"equal_weight_sensitivity"
"Tmem121","young_high","young_module",1.3981981666002,-0.764248006797007,1,1,1,0.0406768040782764,0.660491350004018,0.754787711670436,1,1,1,1.06857016193143,TRUE,"equal_weight_sensitivity"
"C1qtnf6","young_high","young_module",1.24519868812261,-0.851590636145236,1,1,1,4.62686855117873,1.05501711128649,0.864735145174407,1,1,1,1.06039954294555,TRUE,"equal_weight_sensitivity"
"Spink8","young_high","young_module",1.38252866472936,-0.765587618704663,1,1,1,-0.172837056234184,1.03680397908169,0.94369858725171,1,1,1,1.05844682822109,TRUE,"equal_weight_sensitivity"
"Syngr3","young_high","young_module",1.74810398422912,-0.589562748100548,1,1,1,-0.120901772612957,0.662573253170644,0.723694512279891,1,1,1,1.03061698890764,TRUE,"equal_weight_sensitivity"
"Cst6","young_high","young_module",1.27292651958484,-0.807919321471122,1,1,1,2.07503430781563,0.742426169545677,0.657967033027664,1,1,1,1.02842192998558,TRUE,"equal_weight_sensitivity"
"Sparc","young_high","young_module",1.10237270897723,-0.917097608156408,1,1,1,11.3397009508108,0.854710978043275,0.754787711670436,1,1,1,1.01098337469992,TRUE,"equal_weight_sensitivity"
"D6Mm5e","young_high","young_module",1.09538342185153,-0.917097608156408,1,1,1,2.08752523315705,0.74472605862179,0.723694512279891,1,1,1,1.00457351619422,TRUE,"equal_weight_sensitivity"
"D330050G23Rik","young_high","young_module",1.52043473641593,-0.65506972011172,1,1,1,0.389595274059484,0.87060101133135,0.723694512279891,1,1,1,0.99599075723212,TRUE,"equal_weight_sensitivity"
"Col22a1","young_high","young_module",1.42139175003573,-0.698741034785835,1,1,1,4.82937915296316,0.742680076097143,0.585977606446923,1,1,1,0.993184742256015,TRUE,"equal_weight_sensitivity"
"Shroom2","young_high","young_module",1.26117567364184,-0.786083664134064,1,1,1,-0.319463007417872,0.661353448301942,0.87060591946395,1,1,1,0.991389594653124,TRUE,"equal_weight_sensitivity"
"Tmem180","young_high","young_module",1.45932204204912,-0.676905377448778,1,1,1,0.442340623633458,0.760500845822097,0.723694512279891,1,1,1,0.987822937692581,TRUE,"equal_weight_sensitivity"
"Postn","young_high","young_module",1.12477327299129,-0.873426293482294,1,1,1,7.01752821248884,0.7191158085567,0.74801595287595,1,1,1,0.982406550836731,TRUE,"equal_weight_sensitivity"
"Col3a1","young_high","young_module",1.13177348093472,-0.851590636145236,1,1,1,10.6140090996504,0.933906869322663,0.846622404245472,1,1,1,0.963807698601506,TRUE,"equal_weight_sensitivity"
"Wif1","young_high","young_module",1.46555772637083,-0.65506972011172,1,1,1,6.11418052853411,1.09888726504127,0.0584291816344544,1,1,1,0.960042489621308,TRUE,"equal_weight_sensitivity"
"Uts2r","young_high","young_module",1.2548779517576,-0.764248006797007,1,1,1,1.73858660121906,1.27117115106253,0.723694512279891,1,1,1,0.959037973404257,TRUE,"equal_weight_sensitivity"
"Ptprt","young_high","young_module",2.18026964620544,-0.43019174220914,1,1,1,-0.637811423735617,0.843969968395933,0.74801595287595,1,1,1,0.937933997586824,TRUE,"equal_weight_sensitivity"
"Ptx4","young_high","young_module",1.2926117555643,-0.720576692122892,1,1,1,5.94817217341754,0.590861999529445,0.0161189980870152,1,1,1,0.931425903023688,TRUE,"equal_weight_sensitivity"
"Ccdc114","young_high","young_module",1.24581506180051,-0.74241234945995,1,1,1,-0.186147431120901,0.6433331093171,0.877904312935791,1,1,1,0.92490848702391,TRUE,"equal_weight_sensitivity"
"Frem1","young_high","young_module",1.11402469266626,-0.829754978808179,1,1,1,0.750798251990865,0.835657239178972,0.844916537086591,1,1,1,0.924367535255081,TRUE,"equal_weight_sensitivity"
"Net1","young_high","young_module",1.17086936215322,-0.786083664134064,1,1,1,1.18909465928266,0.569490190426546,0.723694512279891,1,1,1,0.920401278423718,TRUE,"equal_weight_sensitivity"
"Evl","young_high","young_module",1.16588357626521,-0.786083664134064,1,1,1,2.7763706282844,0.59892533631184,0.354353409021144,1,1,1,0.916482033584283,TRUE,"equal_weight_sensitivity"
"Col11a1","young_high","young_module",1.02195670788612,-0.895261950819351,1,1,1,4.91162930641129,0.828604467564218,0.730682993233502,1,1,1,0.91491895595505,TRUE,"equal_weight_sensitivity"
"D0H4S114","young_high","young_module",1.1900944394161,-0.764248006797007,1,1,1,4.48938548745525,1.14328918959881,0.924574506499367,1,1,1,0.909527303223956,TRUE,"equal_weight_sensitivity"
"Col28a1","young_high","young_module",1.53091693563266,-0.59059616300074,1,1,1,0.225357415010176,0.918496136765198,0.74801595287595,1,1,1,0.9041536680575,TRUE,"equal_weight_sensitivity"
"Etv4","young_high","young_module",1.2010924300131,-0.74241234945995,1,1,1,3.29455352920474,0.638893973654289,0.52316294124906,1,1,1,0.891705852884586,TRUE,"equal_weight_sensitivity"
"Arxes1","young_high","young_module",1.30777358602211,-0.678091890852701,1,1,1,-0.194736304706703,0.772080193464844,0.818324695780031,1,1,1,0.88679066375295,TRUE,"equal_weight_sensitivity"
"Retnlg","old_high","old_module",-5.28231647533237,0.711286759159019,1,1,1,0.68700276467522,2.08247154230463,0.895162813090579,1,1,1,3.75724176659145,TRUE,"equal_weight_sensitivity"
"Sytl3","old_high","old_module",-4.67867146182157,0.699965822815691,1,1,1,-0.252386986346324,0.839407819760506,0.74801595287595,1,1,1,3.27491011945823,TRUE,"equal_weight_sensitivity"
"Cx3cr1","old_high","old_module",-7.12760275668555,0.400098802026948,1,1,1,0.547120130860626,1.74642044404591,0.74801595287595,1,1,1,2.85174532427386,TRUE,"equal_weight_sensitivity"
"Cpne7","old_high","old_module",-4.93071195895094,0.505769421703574,1,1,1,0.515973009670469,1.3077403422803,0.663939496575369,1,1,1,2.49380333606551,TRUE,"equal_weight_sensitivity"
"Ctrb1","old_high","old_module",-4.89022957085335,0.505769421703574,1,1,1,-0.222899785214639,1.29095913686039,0.87085626143883,1,1,1,2.47332858204822,TRUE,"equal_weight_sensitivity"
"Ube2c","old_high","old_module",-5.5143868125875,0.373829572563511,1,1,1,0.190736767950915,1.35716481476759,0.788689217339796,1,1,1,2.06144086509945,TRUE,"equal_weight_sensitivity"
"Prss2","old_high","old_module",-5.10143219252396,0.384908400923967,1,1,1,-0.235547039838392,1.33348610181163,0.859497520749424,1,1,1,1.96358410764644,TRUE,"equal_weight_sensitivity"
"Pcdhga3","old_high","old_module",-3.74712982739927,0.511237358145545,1,1,1,-0.689224048868427,0.736083448605192,0.846622404245472,1,1,1,1.91567275358798,TRUE,"equal_weight_sensitivity"
"Chaf1b","old_high","old_module",-2.23184495159889,0.764248006797007,1,1,1,0.128144479449511,0.742591027171113,0.675697918099546,1,1,1,1.70568305573941,TRUE,"equal_weight_sensitivity"
"Gm20554","old_high","old_module",-2.57177944105162,0.656608448635003,1,1,1,-0.502563423660015,0.868481998822174,0.924574506499367,1,1,1,1.6886521090203,TRUE,"equal_weight_sensitivity"
"2210010C04Rik","old_high","old_module",-4.22015650274531,0.384908400923967,1,1,1,-0.500478489139171,1.11220387796626,0.88435574800948,1,1,1,1.62437369112058,TRUE,"equal_weight_sensitivity"
"C130026I21Rik","old_high","old_module",-4.24236455072747,0.371206174729975,1,1,1,0.626734665483978,1.21154115219477,0.159607900879402,1,1,1,1.57479191668559,TRUE,"equal_weight_sensitivity"
"Kit","old_high","old_module",-5.13067058915595,0.303009174682962,1,1,1,-0.795963301726171,0.78884926376745,0.622807840682299,1,1,1,1.55464026079029,TRUE,"equal_weight_sensitivity"
"Hp","old_high","old_module",-2.40971546027861,0.611398405437605,1,1,1,1.64251149565543,1.45469084144301,0.663939496575369,1,1,1,1.47329618997269,TRUE,"equal_weight_sensitivity"
"Gjb2","old_high","old_module",-3.43358045484671,0.426541673278312,1,1,1,0.233664688877265,1.17152340196621,0.74801595287595,1,1,1,1.46456515254602,TRUE,"equal_weight_sensitivity"
"Gm10125","old_high","old_module",-2.21563427999422,0.65506972011172,1,1,1,0.295526281949224,0.788944729429041,0.75647094237691,1,1,1,1.45139492766575,TRUE,"equal_weight_sensitivity"
"Sema3e","old_high","old_module",-1.57799003220779,0.917097608156408,1,1,1,2.07071127491537,0.867662527297975,0.663939496575369,1,1,1,1.44717088423242,TRUE,"equal_weight_sensitivity"
"Igj","old_high","old_module",-4.69581840375283,0.305699202718803,1,1,1,2.66291776349022,2.60695093888827,0.822326162443121,1,1,1,1.43550794213952,TRUE,"equal_weight_sensitivity"
"Fam46b","old_high","old_module",-1.55736796668482,0.917097608156408,1,1,1,2.9674040454657,0.772805476592485,0.479727512106289,1,1,1,1.42825843726606,TRUE,"equal_weight_sensitivity"
"Nefl","old_high","old_module",-5.52821954475782,0.249058377068449,1,1,1,-0.422567245238269,1.05683961382252,0.628822124837153,1,1,1,1.37684938789546,TRUE,"equal_weight_sensitivity"
"Btc","old_high","old_module",-1.64966622233789,0.829754978808179,1,1,1,1.17621589146925,0.564005595529926,0.585977606446923,1,1,1,1.36881876135654,TRUE,"equal_weight_sensitivity"
"Sycn","old_high","old_module",-3.7753618391098,0.361280169814301,1,1,1,-0.529586943433891,1.17696925715017,0.927454629436677,1,1,1,1.36396336634402,TRUE,"equal_weight_sensitivity"
"Tuba4a","old_high","old_module",-1.43581616214028,0.938933265493466,1,1,1,5.88577791788152,0.879223231938175,0.675697918099546,1,1,1,1.34813555776667,TRUE,"equal_weight_sensitivity"
"Dact2","old_high","old_module",-1.65024214037897,0.807919321471122,1,1,1,4.29275111512127,0.845218395723976,0.673146164048268,1,1,1,1.33326251031803,TRUE,"equal_weight_sensitivity"
"Rgs4","old_high","old_module",-2.19244336442783,0.589562748100548,1,1,1,2.16906187121636,1.24519142472663,0.846622404245472,1,1,1,1.29258293498688,TRUE,"equal_weight_sensitivity"
"Slc7a5","old_high","old_module",-2.01473171242408,0.633234062774663,1,1,1,3.59488233725917,0.770343107316494,0.0252697364635518,1,1,1,1.27579674765925,TRUE,"equal_weight_sensitivity"
"Ankrd6","old_high","old_module",-2.80423568529058,0.448415605241302,1,1,1,-0.245991394349348,0.72083208673272,0.744331534649882,1,1,1,1.25746304205883,TRUE,"equal_weight_sensitivity"
"Myh4","old_high","old_module",-3.1801177065962,0.393041832067032,1,1,1,-0.0566420103109042,0.638359301275151,0.393676646790506,1,1,1,1.24991928958938,TRUE,"equal_weight_sensitivity"
"Slco1c1","old_high","old_module",-5.54541244735841,0.219899748566771,1,1,1,-0.217227841203374,1.0454952992232,0.67259884032395,1,1,1,1.21943480287316,TRUE,"equal_weight_sensitivity"
"Aox3","old_high","old_module",-1.42028886391311,0.851590636145236,1,1,1,1.9562915695144,1.13798210781223,0.7984762507352,1,1,1,1.20950469712976,TRUE,"equal_weight_sensitivity"
"Ubd","old_high","old_module",-2.23646751052448,0.535911333093264,1,1,1,-0.379425698088394,0.913402024158086,0.856816465913987,1,1,1,1.19854828498495,TRUE,"equal_weight_sensitivity"
"Elane","old_high","old_module",-3.76348560513844,0.31466337370923,1,1,1,-0.552291655967183,1.15901410472878,0.927454629436677,1,1,1,1.18423107741898,TRUE,"equal_weight_sensitivity"
"Try5","old_high","old_module",-3.76348560513844,0.31466337370923,1,1,1,-0.654299992746314,1.01938342236125,0.924574506499367,1,1,1,1.18423107741898,TRUE,"equal_weight_sensitivity"
"Gpr1","old_high","old_module",-1.38389677648249,0.851590636145236,1,1,1,2.7111139487246,0.866241062924437,0.723694512279891,1,1,1,1.17851353624407,TRUE,"equal_weight_sensitivity"
"Ttll7","old_high","old_module",-1.73507869041457,0.676905377448778,1,1,1,-0.120534252060359,0.685624197136757,0.861012767793408,1,1,1,1.17448409583841,TRUE,"equal_weight_sensitivity"
"Dll1","old_high","old_module",-2.10475524185462,0.545891433426434,1,1,1,1.57408277464132,0.932600502504462,0.677641791942921,1,1,1,1.14896785598782,TRUE,"equal_weight_sensitivity"
"Gm129","old_high","old_module",-2.47416850237187,0.458548804078204,1,1,1,-0.0294640680981017,0.748974081415776,0.801628348737546,1,1,1,1.13452700785058,TRUE,"equal_weight_sensitivity"
"Zfp300","old_high","old_module",-1.95171256071084,0.579659197019245,1,1,1,-0.402940195979966,0.791136037734638,0.896651394263888,1,1,1,1.13132813575402,TRUE,"equal_weight_sensitivity"
"Cldn3","old_high","old_module",-1.34277342835243,0.829754978808179,1,1,1,2.28992454340326,1.12102464243242,0.864735145174407,1,1,1,1.11417293758676,TRUE,"equal_weight_sensitivity"
"Mybl1","old_high","old_module",-1.717862297529,0.645280992908216,1,1,1,-0.262041958954605,0.67277816232327,0.858952823753274,1,1,1,1.1085038890291,TRUE,"equal_weight_sensitivity"
"Serpina3f","old_high","old_module",-1.99488652393091,0.549749371416928,1,1,1,0.313412000021203,1.35041356114902,0.918536067875237,1,1,1,1.09668761257912,TRUE,"equal_weight_sensitivity"
"Pkp2","old_high","old_module",-1.50250981258522,0.720576692122892,1,1,1,0.46236603229569,0.740673902662443,0.861012767793408,1,1,1,1.08267355063484,TRUE,"equal_weight_sensitivity"
"Pltp","old_high","old_module",-1.13027922557085,0.938933265493466,1,1,1,5.83465687412322,0.552802003106222,0.11529513505552,1,1,1,1.06125676418466,TRUE,"equal_weight_sensitivity"
"Nrxn1","old_high","old_module",-1.37338498864405,0.764248006797007,1,1,1,2.50590713373273,0.652099618258765,0.665691829096542,1,1,1,1.04960674013615,TRUE,"equal_weight_sensitivity"
"Gabre","old_high","old_module",-1.51922910562958,0.676905377448778,1,1,1,0.309864425675024,0.618011996005303,0.798478058867031,1,1,1,1.02837435117736,TRUE,"equal_weight_sensitivity"
"Nova2","old_high","old_module",-2.71890138624684,0.371206174729975,1,1,1,-0.107729732507501,0.704173690128642,0.744331534649882,1,1,1,1.00927298305672,TRUE,"equal_weight_sensitivity"
"Asf1b","old_high","old_module",-2.29765460782437,0.436713146741147,1,1,1,-0.328819315755214,0.630607987426259,0.801628348737546,1,1,1,1.00341597390728,TRUE,"equal_weight_sensitivity"
"Efcab6","old_high","old_module",-1.78664345965893,0.61132510734983,0.916666666666667,1,1,-0.348894034134589,1.11314021524095,0.959306849204355,0.916666666666667,1,1,1.00120167104088,TRUE,"equal_weight_sensitivity"
"Try4","old_high","old_module",-4.01756936641173,0.249058377068449,1,1,1,-0.687556477467365,0.979319262590783,0.895059313219722,1,1,1,1.00060930615842,TRUE,"equal_weight_sensitivity"
"Pot1b","old_high","old_module",-1.51640556039894,0.65506972011172,1,1,1,1.05229355528979,0.75183386306661,0.74801595287595,1,1,1,0.99335136602639,TRUE,"equal_weight_sensitivity"
