biological_unit_id,dataset_id,age_group,exact_treatment_arm,analysis_role,animal_label,n_cells,qc_status,pluripotency_gene_coverage,genomic_stress_gene_coverage,pluripotency_median,pluripotency_mean,pluripotency_p95,pluripotency_high_risk_frac_p90,pluripotency_high_risk_frac_p95,pluripotency_high_risk_frac_p99,genomic_stress_median,genomic_stress_mean,genomic_stress_p95,genomic_stress_high_risk_frac_p90,genomic_stress_high_risk_frac_p95,genomic_stress_high_risk_frac_p99
GSE176206_MSC|young|NegCtrl|animal_unknown,GSE176206_msc_sokm,young,NegCtrl,control,unknown,182,pass,1.0,0.9565217391304348,-0.061727544035363416,-0.05985931065920212,-0.03200655597133198,0.1043956043956044,0.054945054945054944,0.01098901098901099,0.14386676840775633,0.14850805234579792,0.19083915504293655,0.1043956043956044,0.054945054945054944,0.01098901098901099
GSE176206_MSC|young|Tg+/Dox+|animal_1,GSE176206_msc_sokm,young,Tg+/Dox+,SOKM,1,5320,pass,1.0,0.9565217391304348,-0.002758998683254632,-0.005065253458701346,0.05866900399933473,0.7849624060150376,0.7315789473684211,0.5721804511278196,0.15898106791952996,0.15915120161229704,0.19037713860811947,0.18026315789473685,0.04680451127819549,0.005451127819548872
GSE176206_MSC|young|Tg+/Dox+|animal_2,GSE176206_msc_sokm,young,Tg+/Dox+,SOKM,2,1434,pass,1.0,0.9565217391304348,-0.004369140009262737,-0.005317354748871221,0.05525222765321709,0.7796373779637378,0.7238493723849372,0.5627615062761506,0.1576453354001871,0.15745256117075923,0.18707510485689086,0.16317991631799164,0.0299860529986053,0.002789400278940028
GSE176206_MSC|young|Tg+/Dox+|animal_3,GSE176206_msc_sokm,young,Tg+/Dox+,SOKM,3,57,pass,1.0,0.9565217391304348,-0.025413046992450422,-0.014837654841563254,0.04141654281417972,0.6491228070175439,0.5614035087719298,0.38596491228070173,0.15614014200610798,0.1551971882363864,0.19355209185316122,0.08771929824561403,0.07017543859649122,0.017543859649122806
GSE176206_MSC|young|Tg+/Dox+|animal_unknown,GSE176206_msc_sokm,young,Tg+/Dox+,SOKM,unknown,169,pass,1.0,0.9565217391304348,-0.014921383325542714,-0.013499771815162447,0.05259972431796735,0.6923076923076923,0.650887573964497,0.47337278106508873,0.16023399675920952,0.15939229155962453,0.19038390081353546,0.20710059171597633,0.05325443786982249,0.011834319526627219
GSE176206_MSC|young|Tg+/Dox-|animal_1,GSE176206_msc_sokm,young,Tg+/Dox-,SOKM,1,393,pass,1.0,0.9565217391304348,-0.060433086871302555,-0.05808995364091972,-0.025409972158160862,0.15012722646310434,0.08651399491094147,0.020356234096692113,0.13854147219130508,0.14231019706047945,0.18164044279162594,0.058524173027989825,0.020356234096692113,0.0
GSE176206_MSC|young|Tg+/Dox-|animal_2,GSE176206_msc_sokm,young,Tg+/Dox-,SOKM,2,271,pass,1.0,0.9565217391304348,-0.06333545280221317,-0.06156874982905672,-0.03166433911537751,0.11070110701107011,0.05166051660516605,0.007380073800738007,0.13670260052850725,0.14095720645259535,0.1745929313838172,0.02952029520295203,0.007380073800738007,0.0036900369003690036
GSE176206_MSC|young|Tg+/Dox-|animal_3,GSE176206_msc_sokm,young,Tg+/Dox-,SOKM,3,582,pass,1.0,0.9565217391304348,-0.06138737950673594,-0.05925988584836504,-0.02676377741147633,0.1134020618556701,0.07216494845360824,0.01718213058419244,0.13519516756729974,0.13829461558314307,0.17702143872767961,0.044673539518900345,0.013745704467353952,0.003436426116838488
GSE176206_MSC|young|Tg+/Dox-|animal_unknown,GSE176206_msc_sokm,young,Tg+/Dox-,SOKM,unknown,404,pass,1.0,0.9565217391304348,-0.0659855468085568,-0.0642522492065093,-0.03786115726467687,0.07178217821782178,0.0297029702970297,0.0,0.1263392896026438,0.12998987530607395,0.16583562847208783,0.0049504950495049506,0.0,0.0
GSE176206_MSC|young|Tg-/Dox+|animal_1,GSE176206_msc_sokm,young,Tg-/Dox+,SOKM,1,106,pass,1.0,0.9565217391304348,-0.048908021047910935,-0.04600842103734746,0.00020501014306709836,0.3490566037735849,0.2358490566037736,0.08490566037735849,0.14366908063675643,0.14928924544881209,0.1910524039646359,0.14150943396226415,0.05660377358490566,0.018867924528301886
GSE176206_MSC|young|Tg-/Dox+|animal_2,GSE176206_msc_sokm,young,Tg-/Dox+,SOKM,2,120,pass,1.0,0.9565217391304348,-0.06121613062336108,-0.06132666288641728,-0.03964525754375582,0.06666666666666667,0.016666666666666666,0.0,0.1336757126598817,0.13625994807940506,0.17313045570426297,0.03333333333333333,0.016666666666666666,0.0
GSE176206_MSC|young|Tg-/Dox+|animal_3,GSE176206_msc_sokm,young,Tg-/Dox+,SOKM,3,210,pass,1.0,0.9565217391304348,-0.05341395430433164,-0.05133893721366062,-0.009389192496368218,0.2571428571428571,0.1761904761904762,0.05714285714285714,0.14158455951594537,0.14592042270199207,0.18215836849082712,0.1,0.01904761904761905,0.004761904761904762
GSE176206_MSC|young|Tg-/Dox+|animal_unknown,GSE176206_msc_sokm,young,Tg-/Dox+,SOKM,unknown,144,pass,1.0,0.9565217391304348,-0.06107874694536024,-0.05619719617722536,-0.012240848302595909,0.2222222222222222,0.1388888888888889,0.041666666666666664,0.13888178554082423,0.1450983126463804,0.18455702912517002,0.125,0.020833333333333332,0.0
GSE176206_MSC|aged|NegCtrl|animal_unknown,GSE176206_msc_sokm,aged,NegCtrl,control,unknown,222,pass,1.0,0.9565217391304348,-0.05279303680972329,-0.04923047264557456,-0.00830821714177728,0.1036036036036036,0.05405405405405406,0.013513513513513514,0.1486650591939987,0.15299705948536035,0.1901360848474979,0.1036036036036036,0.05405405405405406,0.013513513513513514
GSE176206_MSC|aged|Tg+/Dox+|animal_1,GSE176206_msc_sokm,aged,Tg+/Dox+,SOKM,1,7440,pass,1.0,0.9565217391304348,-0.007836545604347656,-0.009572750721800824,0.05080788358091376,0.5845430107526882,0.5060483870967742,0.2495967741935484,0.1633079554630718,0.1635076879116028,0.19314502467112668,0.16223118279569892,0.07459677419354839,0.028225806451612902
GSE176206_MSC|aged|Tg+/Dox+|animal_2,GSE176206_msc_sokm,aged,Tg+/Dox+,SOKM,2,686,pass,1.0,0.9565217391304348,-0.011465189514814747,-0.011484415423267664,0.05110154608189727,0.5495626822157434,0.48104956268221577,0.2478134110787172,0.1623185803348752,0.16122389733571796,0.19072338001639194,0.12099125364431487,0.052478134110787174,0.016034985422740525
GSE176206_MSC|aged|Tg+/Dox+|animal_3,GSE176206_msc_sokm,aged,Tg+/Dox+,SOKM,3,55,pass,1.0,0.9565217391304348,-0.023277640928115156,-0.023982471215735223,0.024033421752043052,0.41818181818181815,0.2727272727272727,0.14545454545454545,0.15820008330042878,0.15553276252736198,0.1843636685930526,0.07272727272727272,0.01818181818181818,0.0
GSE176206_MSC|aged|Tg+/Dox+|animal_unknown,GSE176206_msc_sokm,aged,Tg+/Dox+,SOKM,unknown,216,pass,1.0,0.9565217391304348,-0.01659914867295552,-0.01583295363829406,0.04772929098224268,0.49537037037037035,0.4351851851851852,0.2222222222222222,0.1600776199578949,0.15964128075850656,0.18971918810736543,0.1388888888888889,0.046296296296296294,0.013888888888888888
GSE176206_MSC|aged|Tg+/Dox-|animal_1,GSE176206_msc_sokm,aged,Tg+/Dox-,SOKM,1,464,pass,1.0,0.9565217391304348,-0.062134193394865325,-0.05756482862474441,-0.01743709183414466,0.04310344827586207,0.028017241379310345,0.00646551724137931,0.1444243408469524,0.14799101292940361,0.18791799237956983,0.07327586206896551,0.040948275862068964,0.01293103448275862
GSE176206_MSC|aged|Tg+/Dox-|animal_2,GSE176206_msc_sokm,aged,Tg+/Dox-,SOKM,2,374,pass,1.0,0.9565217391304348,-0.06276682703830634,-0.06093180887852597,-0.023049890945001386,0.034759358288770054,0.013368983957219251,0.00267379679144385,0.13941260127988017,0.1429459461841033,0.18121480423053057,0.045454545454545456,0.013368983957219251,0.00267379679144385
GSE176206_MSC|aged|Tg+/Dox-|animal_3,GSE176206_msc_sokm,aged,Tg+/Dox-,SOKM,3,449,pass,1.0,0.9565217391304348,-0.06423465618464563,-0.06246232014964604,-0.029392818237787912,0.017817371937639197,0.008908685968819599,0.004454342984409799,0.13873505763262922,0.14195655965163567,0.1786805639738201,0.028953229398663696,0.011135857461024499,0.004454342984409799
GSE176206_MSC|aged|Tg+/Dox-|animal_unknown,GSE176206_msc_sokm,aged,Tg+/Dox-,SOKM,unknown,171,pass,1.0,0.9565217391304348,-0.06615860272997193,-0.06467930321946908,-0.03266637952948388,0.0,0.0,0.0,0.13187522112371713,0.1353090912643526,0.17021929334267047,0.005847953216374269,0.0,0.0
GSE176206_MSC|aged|Tg-/Dox+|animal_1,GSE176206_msc_sokm,aged,Tg-/Dox+,SOKM,1,357,pass,1.0,0.9565217391304348,-0.05660698264986941,-0.05220948109621921,-0.0032586500518290325,0.08123249299719888,0.058823529411764705,0.0196078431372549,0.15005006251316305,0.15280779516827908,0.1865123396458029,0.08403361344537816,0.025210084033613446,0.011204481792717087
GSE176206_MSC|aged|Tg-/Dox+|animal_2,GSE176206_msc_sokm,aged,Tg-/Dox+,SOKM,2,54,pass,1.0,0.9565217391304348,-0.03279672719338643,-0.027812072756144626,0.023796535275161353,0.3333333333333333,0.24074074074074073,0.07407407407407407,0.15425046651247196,0.1561244234287141,0.18771414214786425,0.1111111111111111,0.0,0.0
GSE176206_MSC|aged|Tg-/Dox+|animal_3,GSE176206_msc_sokm,aged,Tg-/Dox+,SOKM,3,314,pass,1.0,0.9565217391304348,-0.05321816523892006,-0.050010387652288636,-0.004948709306140878,0.09872611464968153,0.06369426751592357,0.009554140127388535,0.14775449863527138,0.15124537793865442,0.18655830738122436,0.07006369426751592,0.025477707006369428,0.012738853503184714
GSE176206_MSC|aged|Tg-/Dox+|animal_unknown,GSE176206_msc_sokm,aged,Tg-/Dox+,SOKM,unknown,467,pass,1.0,0.9565217391304348,-0.0571879506177668,-0.05505141342474654,-0.016565466725566816,0.05139186295503212,0.027837259100642397,0.0021413276231263384,0.1429067780746639,0.14693911784920535,0.17871969487694528,0.04068522483940043,0.014989293361884369,0.008565310492505354
